{
"type": "FeatureCollection",
"name": "coastline_south_40s",
"crs": { "type": "name", "properties": { "name": "urn:ogc:def:crs:OGC:1.3:CRS84" } },
"xy_coordinate_resolution": 0.0001,
"features": [
{"type":"Feature","properties":{"featurecla":"Coastline"},"geometry":{"type":"LineString","coordinates":[[70.3202,-49.0586],[70.285,-49.0765],[70.2084,-49.135],[70.0613,-49.136],[69.984,-49.1599],[69.8544,-49.2216],[69.7707,-49.2481],[69.6666,-49.2649],[69.6107,-49.2658],[69.5424,-49.2557],[69.4051,-49.1817],[69.4362,-49.124],[69.5723,-49.129],[69.644,-49.1174],[69.5873,-49.072],[69.5928,-48.971],[69.535,-48.9743],[69.3143,-49.1063],[69.2651,-49.1154],[69.1849,-49.1096],[69.0521,-49.0819],[69.0327,-49.0176],[69.0994,-48.9376],[69.1041,-48.8999],[69.1361,-48.861],[69.1228,-48.766],[69.0716,-48.7528],[69.0931,-48.7239],[69.0812,-48.6793],[69.0572,-48.6564],[69.0024,-48.6612],[68.9587,-48.6938],[68.9003,-48.7756],[68.832,-48.8487],[68.8369,-48.9262],[68.7966,-48.9947],[68.7695,-49.0659],[68.7901,-49.1037],[68.8167,-49.1351],[68.8538,-49.1413],[68.8834,-49.1649],[68.8136,-49.1921],[68.7988,-49.2316],[68.8414,-49.2854],[68.8185,-49.3539],[68.8619,-49.3922],[68.8721,-49.4443],[68.8483,-49.4996],[68.8105,-49.5502],[68.7912,-49.5996],[68.7828,-49.6513],[68.8147,-49.6996],[68.8727,-49.7099],[68.993,-49.705],[69.0859,-49.6529],[69.1531,-49.5297],[69.2746,-49.5428],[69.3527,-49.5632],[69.4776,-49.6174],[69.6129,-49.651],[69.682,-49.6422],[69.7467,-49.6018],[69.8039,-49.6136],[69.8261,-49.6449],[69.9189,-49.6894],[70.0751,-49.7086],[70.1243,-49.7044],[70.2074,-49.665],[70.2162,-49.6288],[70.2588,-49.6008],[70.3071,-49.5835],[70.2478,-49.5307],[70.1658,-49.5094],[70.0734,-49.5178],[70.0629,-49.5894],[69.9864,-49.5816],[69.856,-49.544],[69.7803,-49.4901],[69.7492,-49.4476],[69.76,-49.4302],[69.8184,-49.4377],[69.8611,-49.4205],[69.9021,-49.3893],[69.9156,-49.3485],[69.9932,-49.3449],[70.1658,-49.343],[70.2378,-49.3716],[70.2977,-49.4248],[70.3384,-49.4353],[70.3861,-49.434],[70.4114,-49.4109],[70.3898,-49.3656],[70.4851,-49.3276],[70.5368,-49.2655],[70.5555,-49.2015],[70.5309,-49.1369],[70.4843,-49.0839],[70.4062,-49.0611],[70.3202,-49.0586]]}},
{"type":"Feature","properties":{"featurecla":"Coastline"},"geometry":{"type":"LineString","coordinates":[[-120.7222,-73.752],[-121.4973,-73.7328],[-121.9667,-73.7118],[-122.4357,-73.6816],[-122.9104,-73.6797],[-123.0125,-73.6729],[-123.1122,-73.6822],[-123.2491,-73.7387],[-123.2918,-73.803],[-123.3462,-73.8431],[-123.1908,-73.8493],[-123.0347,-73.8376],[-122.9916,-73.8441],[-122.9512,-73.8666],[-122.6247,-73.9655],[-122.71,-73.9937],[-122.8808,-74.099],[-122.8752,-74.1412],[-122.7942,-74.1904],[-122.7647,-74.2187],[-122.8906,-74.2271],[-122.9561,-74.2403],[-122.9384,-74.3021],[-122.8591,-74.3427],[-122.2866,-74.4031],[-121.0624,-74.3373],[-121.0024,-74.3264],[-121.0047,-74.2929],[-121.0364,-74.2793],[-121.0541,-74.26],[-121.019,-74.1734],[-120.9895,-74.157],[-120.2725,-73.9892],[-120.3123,-73.922],[-120.3781,-73.8559],[-120.5563,-73.7561],[-120.7222,-73.752]]}},
{"type":"Feature","properties":{"featurecla":"Coastline"},"geometry":{"type":"LineString","coordinates":[[-127.2329,-73.5855],[-127.2316,-73.7135],[-127.2116,-73.7244],[-127.1221,-73.7342],[-127.0064,-73.7258],[-126.9017,-73.6768],[-126.8382,-73.6573],[-126.7109,-73.6536],[-126.5827,-73.6699],[-126.5384,-73.6802],[-126.4961,-73.7002],[-126.4656,-73.7463],[-126.4717,-73.8121],[-126.2441,-73.8909],[-125.8869,-73.9546],[-125.6827,-74.0354],[-125.5493,-74.0627],[-125.4208,-74.0699],[-125.0896,-74.1824],[-124.873,-74.2083],[-124.1994,-74.2256],[-123.9825,-74.2561],[-123.9374,-74.2562],[-123.8367,-74.2257],[-123.8388,-74.1683],[-123.811,-74.1174],[-123.8004,-74.0763],[-123.8512,-74.057],[-123.9323,-74.008],[-124.1293,-73.9711],[-124.1518,-73.9442],[-124.1005,-73.9068],[-124.042,-73.8804],[-124.1285,-73.834],[-124.54,-73.7397],[-124.6175,-73.7353],[-124.6944,-73.7496],[-124.9934,-73.8298],[-125.1088,-73.826],[-125.2244,-73.8008],[-125.3269,-73.7955],[-125.5524,-73.8201],[-125.6744,-73.8222],[-125.7986,-73.802],[-125.857,-73.7802],[-125.8599,-73.7486],[-125.8284,-73.7184],[-125.7232,-73.7027],[-125.6124,-73.7107],[-125.2761,-73.6905],[-125.264,-73.6664],[-125.3262,-73.6179],[-125.5039,-73.5625],[-125.5613,-73.5364],[-125.6268,-73.4532],[-125.7358,-73.4057],[-125.8566,-73.3883],[-125.9759,-73.3568],[-126.0653,-73.3148],[-126.3299,-73.2862],[-126.5969,-73.2789],[-126.83,-73.2908],[-126.9778,-73.308],[-127.1235,-73.2943],[-127.2676,-73.304],[-127.3943,-73.3822],[-127.4291,-73.4469],[-127.4144,-73.5163],[-127.332,-73.5675],[-127.2329,-73.5855]]}},
{"type":"Feature","properties":{"featurecla":"Coastline"},"geometry":{"type":"LineString","coordinates":[[-66.7852,-79.608],[-66.8813,-79.5822],[-66.9789,-79.5687],[-67.4382,-79.5604],[-67.6879,-79.5284],[-67.8087,-79.5459],[-67.7708,-79.5895],[-67.7191,-79.6202],[-67.0772,-79.7618],[-66.9937,-79.7934],[-66.9624,-79.8727],[-66.9042,-79.9089],[-66.4104,-79.9733],[-66.3669,-80.0543],[-66.3195,-80.0751],[-66.2672,-80.0814],[-66.1736,-80.0778],[-65.9894,-80.054],[-65.899,-80.0405],[-65.5044,-79.9543],[-65.5396,-79.8369],[-65.5792,-79.7708],[-65.8703,-79.7377],[-66.0142,-79.6244],[-66.2738,-79.612],[-66.7852,-79.608]]}},
{"type":"Feature","properties":{"featurecla":"Coastline"},"geometry":{"type":"LineString","coordinates":[[-57.2947,-64.367],[-57.3384,-64.3183],[-57.414,-64.2959],[-57.3276,-64.2378],[-57.2223,-64.2214],[-57.2728,-64.1662],[-57.2495,-64.0971],[-57.5171,-64.0106],[-57.4797,-63.9616],[-57.5929,-63.9671],[-57.7101,-64.0151],[-57.7412,-64.0479],[-57.7737,-64.0615],[-57.8085,-64.0676],[-57.846,-64.0539],[-57.827,-63.9492],[-57.7807,-63.9068],[-57.7795,-63.8683],[-57.8313,-63.8038],[-57.9257,-63.8061],[-57.9707,-63.8347],[-58.0704,-63.8475],[-58.1457,-63.8776],[-58.2748,-63.9162],[-58.3419,-63.9943],[-58.425,-64.0678],[-58.4381,-64.1135],[-58.3976,-64.1348],[-58.352,-64.1307],[-58.2504,-64.1068],[-58.1471,-64.0974],[-58.1622,-64.1607],[-58.1377,-64.2062],[-58.02,-64.242],[-58.3044,-64.3146],[-58.2141,-64.3697],[-58.1695,-64.3686],[-58.0216,-64.3216],[-57.9711,-64.3204],[-57.9207,-64.3312],[-57.9522,-64.394],[-57.9098,-64.4101],[-57.8715,-64.401],[-57.8229,-64.3021],[-57.7033,-64.2933],[-57.6708,-64.3109],[-57.6832,-64.3572],[-57.5808,-64.3504],[-57.3879,-64.3789],[-57.2947,-64.367]]}},
{"type":"Feature","properties":{"featurecla":"Coastline"},"geometry":{"type":"LineString","coordinates":[[-63.1305,-64.5724],[-63.277,-64.5733],[-63.1806,-64.4695],[-63.2707,-64.3807],[-63.2296,-64.3236],[-63.3336,-64.2662],[-63.4856,-64.2605],[-63.5342,-64.2729],[-63.6056,-64.3142],[-63.6831,-64.3428],[-63.6683,-64.384],[-63.6744,-64.4214],[-63.9162,-64.4572],[-63.8969,-64.4871],[-63.8671,-64.5098],[-64.1711,-64.5819],[-64.2262,-64.6354],[-64.2721,-64.6976],[-64.1837,-64.7096],[-64.0992,-64.7327],[-64.0071,-64.7686],[-63.8044,-64.7915],[-63.7699,-64.8084],[-63.7395,-64.8343],[-63.6469,-64.803],[-63.5584,-64.7342],[-63.4578,-64.7273],[-63.3549,-64.7339],[-63.2754,-64.7174],[-63.2026,-64.6803],[-63.0256,-64.6109],[-62.8365,-64.5719],[-62.9282,-64.5193],[-63.0321,-64.535],[-63.1305,-64.5724]]}},
{"type":"Feature","properties":{"featurecla":"Coastline"},"geometry":{"type":"LineString","coordinates":[[-74.205,-70.9241],[-73.6945,-70.7943],[-73.5503,-70.7234],[-73.7066,-70.6352],[-73.8795,-70.5781],[-73.9578,-70.5609],[-74.0383,-70.5529],[-74.1126,-70.5768],[-74.1146,-70.6554],[-74.225,-70.6146],[-74.401,-70.5759],[-74.4562,-70.5867],[-74.4687,-70.7267],[-74.5271,-70.7697],[-74.5897,-70.792],[-74.7905,-70.631],[-74.8985,-70.5905],[-74.9536,-70.5902],[-75.0075,-70.6089],[-75.0375,-70.6506],[-75.0599,-70.7056],[-75.127,-70.7518],[-75.21,-70.7726],[-76.0346,-70.8359],[-76.2489,-70.8638],[-76.3776,-70.8941],[-76.5002,-70.9414],[-76.5115,-70.9908],[-76.4215,-71.0904],[-76.364,-71.1168],[-76.2713,-71.1328],[-76.1763,-71.1324],[-74.8058,-71.0123],[-74.5047,-70.9734],[-74.205,-70.9241]]}},
{"type":"Feature","properties":{"featurecla":"Coastline"},"geometry":{"type":"LineString","coordinates":[[-74.8488,-70.1793],[-74.6718,-70.1317],[-74.5784,-69.998],[-74.4601,-69.9717],[-74.438,-69.9496],[-74.4654,-69.9169],[-74.5497,-69.8609],[-74.8102,-69.7524],[-74.9871,-69.7278],[-75.1364,-69.7406],[-75.179,-69.7352],[-75.2646,-69.7493],[-75.3139,-69.8168],[-75.3399,-69.8402],[-75.6813,-69.8816],[-75.7595,-69.9161],[-75.8129,-69.984],[-75.8042,-70.0382],[-75.7645,-70.0851],[-75.7268,-70.0961],[-75.2684,-70.1494],[-74.8488,-70.1793]]}},
{"type":"Feature","properties":{"featurecla":"Coastline"},"geometry":{"type":"LineString","coordinates":[[-99.7349,-72.033],[-99.784,-72.0443],[-99.8332,-72.0461],[-99.9852,-71.9395],[-100.0846,-71.8369],[-100.2187,-71.8329],[-100.4009,-71.8657],[-102.1281,-71.9854],[-102.2365,-72.0093],[-102.2883,-72.0321],[-102.3136,-72.0811],[-102.2648,-72.1353],[-102.0221,-72.185],[-101.9033,-72.1903],[-101.7848,-72.1777],[-101.602,-72.1757],[-100.3574,-72.2781],[-100.1952,-72.2727],[-100.1041,-72.287],[-100.0143,-72.3124],[-99.6724,-72.3799],[-99.4343,-72.4066],[-99.1488,-72.472],[-98.8815,-72.4732],[-98.6407,-72.4897],[-98.4078,-72.5477],[-98.1634,-72.5561],[-97.8283,-72.557],[-97.5956,-72.5477],[-97.3655,-72.5218],[-97.2503,-72.5209],[-97.0276,-72.5738],[-96.9148,-72.5783],[-96.8039,-72.558],[-96.6927,-72.5477],[-96.0518,-72.5772],[-96.0299,-72.5543],[-96.0143,-72.5247],[-96.0782,-72.4538],[-95.8257,-72.439],[-95.5754,-72.41],[-95.5311,-72.2487],[-95.6095,-72.175],[-95.6094,-72.0685],[-95.6854,-72.0566],[-95.9063,-72.122],[-96.4823,-72.2076],[-96.7176,-72.2555],[-96.7987,-72.2595],[-96.8901,-72.247],[-96.9789,-72.2219],[-96.7149,-72.1316],[-96.2982,-72.0451],[-96.125,-71.8955],[-96.3833,-71.8363],[-96.8694,-71.851],[-97.0887,-71.944],[-97.1548,-72.0454],[-97.1955,-72.091],[-97.242,-72.1318],[-97.3452,-72.1891],[-97.4603,-72.1883],[-97.5256,-72.1492],[-97.582,-72.0951],[-97.4735,-72.0003],[-97.5848,-71.8826],[-97.816,-71.9188],[-97.9231,-72.1166],[-98.168,-72.123],[-98.1759,-72.0185],[-98.0911,-71.9125],[-98.1892,-71.82],[-98.3943,-71.7815],[-98.6154,-71.7638],[-98.9646,-71.8543],[-99.0821,-71.9325],[-99.2541,-71.9722],[-99.5631,-71.9449],[-99.7349,-72.033]]}},
{"type":"Feature","properties":{"featurecla":"Coastline"},"geometry":{"type":"LineString","coordinates":[[-75.3769,-72.8204],[-75.7311,-72.8793],[-75.7018,-72.911],[-75.6003,-72.9526],[-75.4395,-72.9942],[-75.2438,-73.0094],[-75.2762,-73.0504],[-75.4172,-73.0516],[-75.4676,-73.1011],[-75.5059,-73.1089],[-75.7747,-73.0543],[-75.8977,-73.0563],[-76.0177,-73.0854],[-76.0624,-73.1088],[-76.0964,-73.1505],[-76.0904,-73.2028],[-76.0531,-73.2547],[-76.0032,-73.288],[-75.9008,-73.3326],[-74.5747,-73.6113],[-74.4521,-73.5654],[-74.3661,-73.4643],[-74.4671,-73.4271],[-74.5506,-73.3691],[-74.5755,-73.3277],[-74.6154,-73.3114],[-74.6677,-73.2753],[-74.5225,-73.2439],[-74.4989,-73.2292],[-74.3544,-73.0984],[-74.2239,-72.9971],[-74.2758,-72.9513],[-74.3355,-72.9189],[-74.4739,-72.8937],[-75.3769,-72.8204]]}},
{"type":"Feature","properties":{"featurecla":"Coastline"},"geometry":{"type":"LineString","coordinates":[[-68.9014,-67.7442],[-68.8183,-67.7534],[-68.7337,-67.7457],[-68.6641,-67.7229],[-68.6224,-67.7226],[-68.5804,-67.7328],[-68.5067,-67.7071],[-68.4394,-67.6562],[-68.3813,-67.5554],[-68.3251,-67.5324],[-68.2504,-67.5396],[-68.1751,-67.5582],[-68.0925,-67.5387],[-67.9885,-67.4744],[-67.9695,-67.4503],[-68.007,-67.418],[-68.1444,-67.3824],[-68.2351,-67.372],[-68.1751,-67.3441],[-68.0301,-67.3],[-67.9563,-67.2554],[-67.848,-67.2191],[-67.6878,-67.1474],[-67.7612,-67.1229],[-67.8278,-67.0819],[-67.8761,-67.0624],[-67.9489,-67.0448],[-67.9684,-67.0322],[-67.9692,-66.9821],[-67.9324,-66.8445],[-67.7408,-66.7462],[-67.6812,-66.709],[-67.7111,-66.633],[-67.8305,-66.6243],[-67.9376,-66.6568],[-68.3359,-66.8021],[-68.4168,-66.8533],[-68.5746,-66.9926],[-68.6563,-67.0704],[-68.7336,-67.1572],[-68.8199,-67.2336],[-69.0824,-67.4031],[-69.1327,-67.4526],[-69.138,-67.5152],[-69.1204,-67.5779],[-69.0976,-67.6027],[-68.9823,-67.68],[-68.9014,-67.7442]]}},
{"type":"Feature","properties":{"featurecla":"Coastline"},"geometry":{"type":"LineString","coordinates":[[-57.7918,-51.6361],[-57.8664,-51.6046],[-57.9604,-51.5832],[-57.9154,-51.5338],[-57.8085,-51.518],[-57.9225,-51.4035],[-57.9765,-51.3844],[-58.2064,-51.4047],[-58.2592,-51.4171],[-58.2893,-51.4575],[-58.2762,-51.5061],[-58.2411,-51.5511],[-58.2345,-51.5786],[-58.2716,-51.5747],[-58.4737,-51.5091],[-58.5089,-51.4836],[-58.5192,-51.4239],[-58.4674,-51.4118],[-58.4067,-51.4184],[-58.3787,-51.373],[-58.4258,-51.3242],[-58.5063,-51.3081],[-58.6975,-51.3285],[-58.8502,-51.2699],[-58.9175,-51.2721],[-58.8867,-51.3579],[-59.0966,-51.4914],[-59.0995,-51.5897],[-59.0654,-51.6502],[-59.0595,-51.6854],[-59.0954,-51.7041],[-59.18,-51.7125],[-59.2618,-51.7373],[-59.3087,-51.7805],[-59.5708,-51.9254],[-59.5367,-51.9706],[-59.6492,-52.0772],[-59.6487,-52.1344],[-59.5322,-52.2364],[-59.3957,-52.308],[-59.3415,-52.196],[-59.2563,-52.1831],[-59.1628,-52.2018],[-59.068,-52.173],[-59.1959,-52.0177],[-59.1313,-52.0079],[-58.6528,-52.0992],[-58.6377,-52.023],[-58.6431,-51.9948],[-58.6835,-51.9362],[-58.336,-51.8638],[-58.2176,-51.8225],[-58.1509,-51.7654],[-58.004,-51.7435],[-57.8382,-51.7092],[-57.8312,-51.6846],[-57.7918,-51.6361]]}},
{"type":"Feature","properties":{"featurecla":"Coastline"},"geometry":{"type":"LineString","coordinates":[[-35.8953,-54.5548],[-35.9646,-54.5681],[-36.0331,-54.5677],[-36.0731,-54.5541],[-36.1169,-54.4583],[-36.1726,-54.3822],[-36.2356,-54.3604],[-36.2853,-54.2887],[-36.3265,-54.2512],[-36.3858,-54.2789],[-36.4067,-54.3033],[-36.4486,-54.3084],[-36.541,-54.248],[-36.6474,-54.2623],[-36.6069,-54.1898],[-36.7038,-54.1081],[-36.7601,-54.1077],[-36.8052,-54.1015],[-36.8489,-54.0851],[-36.9289,-54.0812],[-37.0061,-54.1143],[-37.1033,-54.0656],[-37.2328,-54.0605],[-37.3687,-54.0092],[-37.3822,-53.9841],[-37.5358,-53.9937],[-37.9455,-53.9956],[-38.0174,-54.008],[-37.9128,-54.0289],[-37.6188,-54.0421],[-37.689,-54.0768],[-37.6923,-54.1348],[-37.6309,-54.1675],[-37.4977,-54.1559],[-37.1581,-54.2715],[-37.0828,-54.3115],[-37.0067,-54.3409],[-36.886,-54.3395],[-36.8517,-54.366],[-36.8239,-54.4043],[-36.735,-54.4666],[-36.6281,-54.4961],[-36.5065,-54.5112],[-36.4721,-54.5345],[-36.4458,-54.5707],[-36.3115,-54.6938],[-36.2517,-54.7799],[-36.1236,-54.8529],[-36.0855,-54.8668],[-35.9389,-54.8343],[-35.8669,-54.7924],[-35.7986,-54.7635],[-35.9133,-54.7108],[-35.9215,-54.6375],[-35.8953,-54.5548]]}},
{"type":"Feature","properties":{"featurecla":"Coastline"},"geometry":{"type":"LineString","coordinates":[[-74.1144,-43.3579],[-73.9899,-43.3566],[-73.9187,-43.372],[-73.8486,-43.3668],[-73.7734,-43.3459],[-73.7379,-43.2914],[-73.7497,-43.1591],[-73.6496,-43.1271],[-73.5408,-43.0737],[-73.4727,-42.9933],[-73.4363,-42.9365],[-73.5107,-42.8472],[-73.5683,-42.7616],[-73.673,-42.7044],[-73.7668,-42.6219],[-73.7893,-42.5857],[-73.7147,-42.5447],[-73.6535,-42.5287],[-73.6339,-42.5082],[-73.5493,-42.4926],[-73.4708,-42.4663],[-73.5246,-42.3926],[-73.5328,-42.3145],[-73.4393,-42.2778],[-73.4229,-42.1929],[-73.4545,-42.1659],[-73.4778,-42.0472],[-73.5169,-41.9809],[-73.5278,-41.8963],[-73.731,-41.8772],[-74.0367,-41.7955],[-74.063,-41.8228],[-74.0305,-41.854],[-74.0188,-41.8909],[-74.0568,-42.0023],[-74.0594,-42.0562],[-74.0723,-42.1059],[-74.1602,-42.2164],[-74.1703,-42.2689],[-74.1644,-42.3255],[-74.1741,-42.3815],[-74.1936,-42.436],[-74.1988,-42.4813],[-74.1563,-42.5905],[-74.2095,-42.8787],[-74.2894,-43.0795],[-74.3731,-43.1857],[-74.3874,-43.2316],[-74.3549,-43.2636],[-74.2386,-43.3188],[-74.1144,-43.3579]]}},
{"type":"Feature","properties":{"featurecla":"Coastline"},"geometry":{"type":"LineString","coordinates":[[-59.5732,-51.6809],[-59.5142,-51.6266],[-59.437,-51.5927],[-59.3924,-51.5562],[-59.3542,-51.5109],[-59.2939,-51.4785],[-59.2681,-51.4275],[-59.3209,-51.3836],[-59.3876,-51.36],[-59.4651,-51.4105],[-59.4935,-51.3957],[-59.7113,-51.4393],[-59.7884,-51.446],[-59.8416,-51.4033],[-59.9171,-51.3881],[-60.0087,-51.4105],[-60.1416,-51.481],[-60.2862,-51.4619],[-60.4455,-51.3994],[-60.5157,-51.3543],[-60.5685,-51.3578],[-60.5183,-51.4278],[-60.5228,-51.4632],[-60.5058,-51.4854],[-60.4149,-51.545],[-60.3026,-51.5805],[-60.2452,-51.6389],[-60.281,-51.6561],[-60.4672,-51.6972],[-60.5281,-51.6964],[-60.5825,-51.7127],[-60.5001,-51.7565],[-60.3796,-51.7352],[-60.3283,-51.7184],[-60.2765,-51.7166],[-60.2381,-51.7338],[-60.2385,-51.772],[-60.2887,-51.8013],[-60.3345,-51.8396],[-60.4498,-51.8771],[-60.5911,-51.9516],[-60.7625,-51.9465],[-60.9614,-52.0573],[-60.8122,-52.1478],[-60.6864,-52.1884],[-60.5084,-52.1947],[-60.4841,-52.1703],[-60.452,-52.1603],[-60.3842,-52.154],[-60.3535,-52.1399],[-60.2883,-52.0737],[-60.2463,-51.9864],[-60.1938,-51.9827],[-60.1323,-51.9938],[-59.9897,-51.9841],[-59.9214,-51.9695],[-59.7149,-51.8077],[-59.5732,-51.6809]]}},
{"type":"Feature","properties":{"featurecla":"Coastline"},"geometry":{"type":"LineString","coordinates":[[-75.0315,-49.8362],[-74.9935,-49.7518],[-74.9908,-49.6057],[-74.9813,-49.5642],[-74.9601,-49.533],[-74.7438,-49.4225],[-74.7238,-49.4238],[-74.7188,-49.437],[-74.7271,-49.4523],[-74.781,-49.4893],[-74.8048,-49.516],[-74.812,-49.6053],[-74.8593,-49.6342],[-74.8822,-49.6922],[-74.8804,-49.7259],[-74.8219,-49.8139],[-74.8247,-49.8795],[-74.8108,-49.9297],[-74.763,-50.0114],[-74.7034,-50.0192],[-74.5947,-50.0066],[-74.5698,-49.9907],[-74.5426,-49.9191],[-74.4961,-49.8595],[-74.472,-49.7862],[-74.4588,-49.6911],[-74.4708,-49.6686],[-74.5158,-49.6596],[-74.5221,-49.6229],[-74.4836,-49.4419],[-74.4668,-49.2945],[-74.4762,-49.1479],[-74.5307,-48.8126],[-74.5461,-48.7669],[-74.5666,-48.7548],[-74.6516,-48.7499],[-74.7467,-48.7089],[-74.7935,-48.7051],[-74.8962,-48.7332],[-74.9695,-48.7913],[-74.9808,-48.8188],[-74.9452,-48.8895],[-74.9492,-48.9602],[-75.0371,-49.0221],[-75.1842,-49.0836],[-75.2102,-49.148],[-75.0937,-49.1854],[-75.086,-49.2702],[-75.2168,-49.2928],[-75.2696,-49.2629],[-75.3267,-49.2687],[-75.4332,-49.3221],[-75.4675,-49.3589],[-75.4289,-49.4084],[-75.3642,-49.4625],[-75.3059,-49.494],[-75.3371,-49.6282],[-75.5208,-49.6217],[-75.5701,-49.6971],[-75.5498,-49.7913],[-75.4512,-49.7699],[-75.3001,-49.8475],[-75.1669,-49.856],[-75.066,-49.8523],[-75.0315,-49.8362]]}},
{"type":"Feature","properties":{"featurecla":"Coastline"},"geometry":{"type":"LineString","coordinates":[[-73.3971,-44.7743],[-73.35,-44.8332],[-73.2285,-44.86],[-72.9861,-44.7801],[-72.8972,-44.712],[-72.8453,-44.6385],[-72.7641,-44.549],[-72.7764,-44.5086],[-72.8424,-44.4577],[-73.0284,-44.3841],[-73.2077,-44.335],[-73.26,-44.3503],[-73.2716,-44.3941],[-73.266,-44.4402],[-73.282,-44.4896],[-73.3149,-44.5313],[-73.4037,-44.5961],[-73.4451,-44.641],[-73.4201,-44.7248],[-73.3971,-44.7743]]}},
{"type":"Feature","properties":{"featurecla":"Coastline"},"geometry":{"type":"LineString","coordinates":[[147.7858,-43.22],[147.6989,-43.1226],[147.6479,-43.0206],[147.6873,-42.9799],[147.7739,-43.0034],[147.8004,-42.9803],[147.8074,-42.9541],[147.8,-42.9281],[147.6935,-42.872],[147.5738,-42.8457],[147.5358,-42.878],[147.549,-42.9745],[147.5367,-42.9965],[147.4523,-43.0334],[147.408,-42.8938],[147.2979,-42.7909],[147.302,-42.8405],[147.3477,-42.9266],[147.3427,-42.9645],[147.325,-43.0135],[147.2808,-43.0317],[147.2598,-43.0711],[147.2598,-43.1265],[147.245,-43.2159],[147.1729,-43.2559],[146.997,-43.1563],[146.9849,-43.1898],[146.9875,-43.2188],[147.0773,-43.2759],[147.0359,-43.319],[147.0047,-43.3696],[146.9547,-43.5024],[146.8739,-43.6125],[146.8343,-43.6193],[146.6992,-43.602],[146.5485,-43.5089],[146.4132,-43.5195],[146.1867,-43.5128],[146.0432,-43.5472],[146.0131,-43.4448],[145.9817,-43.4084],[145.9944,-43.3761],[146.1088,-43.3544],[146.2264,-43.3553],[146.208,-43.3162],[146.1765,-43.3018],[146.1251,-43.3112],[145.9753,-43.2771],[145.8732,-43.2924],[145.8027,-43.244],[145.6815,-43.076],[145.61,-42.9982],[145.5674,-42.968],[145.5176,-42.9514],[145.4876,-42.9267],[145.2682,-42.5443],[145.2371,-42.4556],[145.1988,-42.2309],[145.3729,-42.3385],[145.4349,-42.4065],[145.4683,-42.4929],[145.5272,-42.3882],[145.5166,-42.3545],[145.3604,-42.2275],[145.3396,-42.1907],[145.3311,-42.1471],[145.2944,-42.191],[145.2349,-42.197],[145.259,-42.1073],[145.2382,-42.0196],[145.0554,-41.8268],[144.9155,-41.644],[144.7779,-41.4188],[144.7661,-41.39],[144.7644,-41.3415],[144.6978,-41.1907],[144.6624,-41.0789],[144.6461,-40.9809],[144.7097,-40.7829],[144.7186,-40.6723],[144.8186,-40.7217],[145.043,-40.7867],[145.1587,-40.7906],[145.2243,-40.7651],[145.283,-40.7699],[145.3494,-40.8264],[145.4294,-40.8582],[145.4852,-40.8523],[145.5335,-40.864],[145.5765,-40.9041],[145.686,-40.9391],[145.7338,-40.962],[145.7754,-40.9972],[145.8215,-41.0246],[146.1111,-41.1181],[146.3175,-41.1635],[146.5744,-41.1424],[146.6506,-41.1162],[146.7234,-41.078],[146.786,-41.1137],[146.8481,-41.1681],[146.836,-41.1094],[146.8566,-41.0583],[146.9194,-41.0178],[146.9898,-40.9924],[147.1058,-40.9942],[147.2188,-40.9834],[147.2689,-40.9598],[147.3205,-40.9564],[147.3877,-40.9855],[147.4548,-41.0017],[147.5008,-40.9642],[147.5793,-40.8756],[147.6217,-40.8447],[147.8177,-40.8717],[147.8729,-40.8726],[147.9688,-40.7796],[148.0328,-40.781],[148.2152,-40.8549],[148.2929,-40.9471],[148.2854,-41.1153],[148.2916,-41.1746],[148.3063,-41.2331],[148.3122,-41.3497],[148.2898,-41.465],[148.2869,-41.555],[148.2966,-41.6462],[148.2876,-41.8157],[148.3157,-41.9277],[148.3017,-42.0042],[148.3015,-42.0399],[148.328,-42.0737],[148.3408,-42.1111],[148.3311,-42.1592],[148.3426,-42.2153],[148.3313,-42.2616],[148.2903,-42.255],[148.277,-42.2194],[148.2846,-42.1734],[148.2771,-42.1364],[148.2558,-42.1026],[148.1831,-42.0647],[148.2044,-42.042],[148.2416,-42.0219],[148.2137,-41.97],[148.1672,-42.0123],[148.1412,-42.0698],[148.1562,-42.0883],[148.1275,-42.1037],[148.0666,-42.1703],[148.0228,-42.2595],[148.0049,-42.3451],[148.0094,-42.4359],[147.9735,-42.5059],[147.9244,-42.5725],[147.9121,-42.6585],[147.915,-42.8164],[147.9577,-42.9604],[147.9809,-43.157],[147.9454,-43.1818],[147.8386,-43.1951],[147.7858,-43.22]]}},
{"type":"Feature","properties":{"featurecla":"Coastline"},"geometry":{"type":"LineString","coordinates":[[176.9225,-40.0],[176.8422,-40.1578],[176.7707,-40.2284],[176.6888,-40.2935],[176.6115,-40.442],[176.4765,-40.57],[176.3852,-40.6677],[176.3139,-40.7689],[176.2518,-40.8769],[176.1187,-41.0291],[176.06,-41.1297],[175.9829,-41.2133],[175.8396,-41.3201],[175.6873,-41.4117],[175.4471,-41.5383],[175.3803,-41.5801],[175.3098,-41.6106],[175.2222,-41.5744],[175.2045,-41.535],[175.1847,-41.449],[175.1656,-41.4174],[175.0539,-41.3912],[174.9061,-41.4329],[174.8813,-41.424],[174.8752,-41.4043],[174.875,-41.2782],[174.9002,-41.2427],[174.8656,-41.223],[174.8315,-41.2308],[174.8197,-41.2629],[174.8412,-41.2907],[174.757,-41.3253],[174.6695,-41.3263],[174.643,-41.3127],[174.6354,-41.2895],[174.6565,-41.2513],[174.6849,-41.2177],[174.8478,-41.0588],[175.0168,-40.8477],[175.1625,-40.6216],[175.2005,-40.5054],[175.2541,-40.2894],[175.2102,-40.1994],[175.156,-40.1149],[175.0524,-40.0]]}},
{"type":"Feature","properties":{"featurecla":"Coastline"},"geometry":{"type":"LineString","coordinates":[[172.8889,-43.1242],[173.0724,-43.0603],[173.1488,-43.0228],[173.2212,-42.9766],[173.3476,-42.8408],[173.5451,-42.518],[173.5893,-42.4739],[173.8398,-42.2709],[173.8892,-42.2116],[173.888,-42.1302],[173.9739,-42.0806],[174.0473,-42.003],[174.2154,-41.8502],[174.2434,-41.8131],[174.2831,-41.7406],[174.2171,-41.6777],[174.1699,-41.6572],[174.0837,-41.6708],[174.1611,-41.5618],[174.0924,-41.5052],[174.0729,-41.4717],[174.0693,-41.4295],[174.1021,-41.3659],[174.1695,-41.3271],[174.2371,-41.3122],[174.2973,-41.2643],[174.3676,-41.1884],[174.3701,-41.1037],[174.2836,-41.1716],[174.1381,-41.2482],[174.0386,-41.2419],[174.1031,-41.2174],[174.1995,-41.1602],[174.2137,-41.1256],[174.2739,-41.0688],[174.3025,-41.0195],[174.2238,-41.0244],[174.2118,-40.9854],[174.1532,-40.9909],[174.1212,-41.0047],[174.0806,-41.0062],[173.9994,-40.9933],[173.9976,-41.0281],[174.024,-41.0723],[173.9576,-41.0999],[173.9146,-41.158],[173.9334,-41.1873],[173.8971,-41.2394],[173.7979,-41.272],[173.8624,-41.1921],[173.8604,-41.1244],[173.9151,-41.0701],[173.8799,-41.0314],[173.8898,-41.0072],[173.9528,-40.9849],[174.0024,-40.9178],[173.9472,-40.9241],[173.8976,-40.9508],[173.7838,-40.9724],[173.7379,-40.989],[173.5625,-41.1021],[173.4473,-41.1514],[173.3378,-41.2109],[173.2309,-41.2842],[173.1153,-41.2793],[173.0687,-41.1858],[173.0521,-41.0786],[173.0423,-40.9536],[172.9887,-40.8482],[172.8691,-40.8203],[172.7668,-40.7734],[172.7289,-40.7236],[172.7044,-40.6678],[172.7111,-40.6054],[172.7326,-40.5438],[172.9437,-40.5187],[172.8302,-40.49],[172.7111,-40.4967],[172.6406,-40.5183],[172.4682,-40.6222],[172.2728,-40.7587],[172.1395,-40.9473],[172.0934,-41.2016],[172.0107,-41.4447],[171.948,-41.5387],[171.8307,-41.6552],[171.7316,-41.7196],[171.6722,-41.7447],[171.5363,-41.7575],[171.4862,-41.7947],[171.4206,-41.973],[171.3603,-42.08],[171.3227,-42.1891],[171.2965,-42.3025],[171.2522,-42.402],[171.2961,-42.4306],[171.3134,-42.4602],[171.257,-42.4653],[171.2213,-42.4786],[171.1896,-42.5005],[171.0277,-42.6961],[171.0476,-42.8019],[171.0384,-42.8621],[171.0117,-42.8851],[171.0178,-42.8188],[171.0114,-42.7637],[170.9699,-42.7184],[170.8403,-42.8486],[170.7416,-42.9273],[170.7253,-42.9755],[170.7353,-43.0298],[170.6654,-42.9612],[170.6155,-42.9725],[170.5236,-43.009],[170.5358,-43.0407],[170.6118,-43.0918],[170.5358,-43.0585],[170.4587,-43.0377],[170.3795,-43.0662],[170.3028,-43.1076],[170.3743,-43.1347],[170.3961,-43.1822],[170.3558,-43.1536],[170.3,-43.1446],[170.2402,-43.1639],[170.1896,-43.2221],[170.1488,-43.2476],[170.1037,-43.265],[170.0176,-43.3494],[169.859,-43.426],[169.908,-43.4466],[169.8908,-43.4616],[169.8351,-43.459],[169.824,-43.4972],[169.8339,-43.537],[169.7692,-43.5385],[169.6615,-43.5912],[169.5152,-43.6236],[169.3231,-43.7016],[169.1695,-43.7771],[169.1357,-43.8198],[169.1789,-43.9131],[169.1359,-43.8999],[169.0665,-43.8635],[168.9904,-43.8899],[168.8064,-43.992],[168.7748,-43.9965],[168.651,-43.9722],[168.4574,-44.0306],[168.3666,-44.082],[168.1962,-44.2236],[168.0184,-44.3588],[167.8565,-44.5007],[167.8664,-44.5921],[167.9016,-44.625],[167.909,-44.6647],[167.8594,-44.6247],[167.787,-44.595],[167.6981,-44.6413],[167.5776,-44.7408],[167.485,-44.7714],[167.46,-44.8023],[167.4563,-44.8383],[167.4821,-44.8739],[167.4792,-44.915],[167.4662,-44.9583],[167.4107,-44.8279],[167.1945,-44.9635],[167.1719,-44.9971],[167.2051,-45.0481],[167.2595,-45.0822],[167.1882,-45.0941],[167.1279,-45.0508],[167.0259,-45.1236],[167.0227,-45.1767],[167.0328,-45.2225],[167.1273,-45.2658],[167.2068,-45.2803],[167.2301,-45.2903],[167.1453,-45.3019],[167.1178,-45.318],[167.1121,-45.3539],[167.1557,-45.4109],[167.0521,-45.3832],[166.9086,-45.3074],[166.8692,-45.3112],[166.8756,-45.3676],[166.9199,-45.4079],[166.7783,-45.4097],[166.7431,-45.4685],[166.734,-45.5436],[166.869,-45.5499],[166.9908,-45.5317],[166.8256,-45.6028],[166.7977,-45.6456],[166.81,-45.699],[167.0033,-45.7121],[166.9525,-45.7502],[166.836,-45.7745],[166.5129,-45.8117],[166.4883,-45.8318],[166.4776,-45.9027],[166.4932,-45.9639],[166.6127,-45.9554],[166.718,-45.8894],[166.7338,-45.9283],[166.727,-45.9633],[166.6499,-46.0417],[166.7303,-46.0527],[166.8564,-45.9809],[166.9167,-45.9572],[166.7121,-46.1337],[166.7315,-46.1979],[166.8308,-46.2255],[167.1003,-46.2494],[167.3689,-46.2415],[167.4143,-46.2289],[167.4906,-46.1547],[167.5395,-46.1485],[167.6822,-46.193],[167.7221,-46.2271],[167.842,-46.3662],[167.9004,-46.3678],[168.0773,-46.3529],[168.1892,-46.3622],[168.2303,-46.3857],[168.2662,-46.4188],[168.3197,-46.4472],[168.3431,-46.4891],[168.3257,-46.5457],[168.3572,-46.5884],[168.3821,-46.6054],[168.4664,-46.5879],[168.5723,-46.611],[168.6314,-46.5876],[168.7668,-46.5663],[168.8378,-46.5782],[168.9658,-46.613],[169.0986,-46.6307],[169.3423,-46.6205],[169.6866,-46.5517],[169.7291,-46.5214],[169.7607,-46.4798],[169.9183,-46.3344],[170.1861,-46.1608],[170.2668,-46.0826],[170.3354,-45.9918],[170.4191,-45.941],[170.6742,-45.8957],[170.7218,-45.878],[170.7763,-45.8709],[170.7912,-45.8438],[170.7885,-45.7925],[170.7398,-45.7561],[170.6997,-45.714],[170.7006,-45.6843],[170.8152,-45.5191],[170.8899,-45.3739],[170.9396,-45.2164],[170.9907,-45.1515],[171.1133,-45.0393],[171.1342,-44.9777],[171.0229,-44.937],[170.999,-44.9114],[171.1463,-44.9123],[171.1979,-44.7679],[171.2131,-44.6122],[171.2311,-44.5212],[171.313,-44.3019],[171.2854,-44.2787],[171.2407,-44.2642],[171.3646,-44.255],[171.4175,-44.2087],[171.4426,-44.1358],[171.5178,-44.1184],[171.659,-44.1172],[171.712,-44.0975],[171.8084,-44.0423],[171.8906,-44.0069],[171.9776,-43.9843],[172.0808,-43.9456],[172.1798,-43.896],[172.1372,-43.8338],[172.0522,-43.74],[172.0355,-43.7018],[172.1458,-43.7636],[172.2207,-43.825],[172.2966,-43.8679],[172.3504,-43.8594],[172.3853,-43.8296],[172.3956,-43.7778],[172.4297,-43.7465],[172.4804,-43.7267],[172.5272,-43.7395],[172.5838,-43.7735],[172.476,-43.8334],[172.5027,-43.8437],[172.5547,-43.8313],[172.7493,-43.8131],[172.8177,-43.8701],[172.9206,-43.8914],[173.0233,-43.8854],[173.0656,-43.8746],[173.0939,-43.8441],[173.1169,-43.7979],[173.098,-43.7035],[173.0732,-43.6762],[172.9473,-43.6586],[172.807,-43.621],[172.7666,-43.5619],[172.7492,-43.5173],[172.7404,-43.4679],[172.6935,-43.4443],[172.5267,-43.4647],[172.5622,-43.436],[172.6322,-43.4279],[172.6997,-43.3997],[172.7348,-43.3548],[172.6875,-43.3146],[172.627,-43.2995],[172.624,-43.2725],[172.7186,-43.2588],[172.808,-43.1978],[172.8889,-43.1242]]}},
{"type":"Feature","properties":{"featurecla":"Coastline"},"geometry":{"type":"LineString","coordinates":[[-160.2496,-79.2715],[-160.7644,-79.1316],[-161.2834,-79.007],[-161.643,-78.901],[-162.1607,-78.7935],[-162.39,-78.7602],[-162.6216,-78.7418],[-162.8728,-78.7252],[-163.1241,-78.7191],[-163.2561,-78.7221],[-163.3453,-78.7799],[-163.6603,-78.8558],[-163.8146,-78.9288],[-164.1255,-78.9953],[-164.1995,-79.0508],[-164.2449,-79.1377],[-164.2816,-79.2455],[-164.2258,-79.3208],[-163.9709,-79.3888],[-163.7124,-79.442],[-163.3172,-79.5048],[-161.8655,-79.7035],[-160.8067,-79.812],[-160.3021,-79.8445],[-159.0529,-79.8074],[-159.0096,-79.7805],[-158.9966,-79.7352],[-159.0514,-79.6945],[-159.1188,-79.6745],[-159.1897,-79.6373],[-159.2561,-79.591],[-159.3664,-79.5452],[-159.4188,-79.5081],[-159.6841,-79.4024],[-159.9635,-79.3243],[-160.2496,-79.2715]]}},
{"type":"Feature","properties":{"featurecla":"Coastline"},"geometry":{"type":"LineString","coordinates":[[-66.7281,-78.3837],[-66.8402,-78.3497],[-67.0381,-78.3157],[-67.4785,-78.3625],[-69.3982,-78.6861],[-69.7477,-78.7691],[-69.9719,-78.8094],[-70.544,-78.8837],[-70.6259,-78.9016],[-71.2545,-79.0597],[-71.454,-79.1289],[-71.6675,-79.2457],[-71.7835,-79.4443],[-71.7777,-79.5006],[-71.7352,-79.5386],[-71.6867,-79.5681],[-71.5258,-79.6236],[-71.414,-79.6402],[-70.9837,-79.6744],[-70.5525,-79.683],[-70.3341,-79.6799],[-70.1163,-79.666],[-69.7317,-79.6184],[-69.6345,-79.5176],[-69.6865,-79.4434],[-69.3944,-79.2798],[-69.2509,-79.2104],[-68.6379,-79.0132],[-68.157,-78.8709],[-67.481,-78.6824],[-67.1664,-78.5695],[-67.0461,-78.5142],[-66.787,-78.4217],[-66.7281,-78.3837]]}},
{"type":"Feature","properties":{"featurecla":"Coastline"},"geometry":{"type":"LineString","coordinates":[[-43.9472,-78.5976],[-43.8523,-78.5299],[-43.7883,-78.4326],[-43.7767,-78.3851],[-43.7846,-78.3363],[-43.8086,-78.2865],[-43.8545,-78.2585],[-44.094,-78.1673],[-44.3398,-78.0929],[-44.5945,-78.0352],[-44.852,-77.9884],[-45.5303,-77.8814],[-45.9932,-77.8269],[-46.2579,-77.8049],[-46.8257,-77.7853],[-47.0299,-77.7905],[-47.4635,-77.819],[-47.6921,-77.8401],[-49.0812,-78.0475],[-49.1437,-78.0938],[-49.3541,-78.2225],[-49.9397,-78.4622],[-50.1416,-78.5567],[-50.2196,-78.6053],[-50.2942,-78.696],[-50.3774,-78.7805],[-50.3354,-78.8183],[-50.2419,-78.8333],[-50.2978,-78.8822],[-50.3798,-78.9229],[-50.5025,-78.9499],[-50.5137,-78.9799],[-50.5024,-79.0218],[-50.5203,-79.1044],[-50.5733,-79.1723],[-50.649,-79.2328],[-50.7331,-79.2827],[-50.4639,-79.3133],[-50.4195,-79.3213],[-50.3787,-79.3382],[-50.3313,-79.3814],[-50.2949,-79.4297],[-50.3393,-79.4795],[-50.4016,-79.5117],[-50.6644,-79.6268],[-51.1838,-79.8197],[-51.7113,-79.9898],[-52.2972,-80.1412],[-52.3381,-80.1261],[-52.3571,-80.0778],[-52.461,-80.0666],[-52.5668,-80.099],[-52.8072,-80.156],[-53.0535,-80.175],[-53.1764,-80.1609],[-53.3465,-80.1145],[-53.3939,-80.1088],[-53.4823,-80.189],[-53.6761,-80.2837],[-54.0449,-80.4875],[-54.1296,-80.5165],[-54.3472,-80.5694],[-54.3716,-80.6236],[-54.3508,-80.7604],[-54.2413,-80.847],[-54.2021,-80.8639],[-54.1625,-80.8701],[-49.773,-80.7842],[-49.7013,-80.7532],[-49.6297,-80.7123],[-49.4104,-80.6669],[-49.1875,-80.6428],[-43.5279,-80.1914],[-43.4894,-80.178],[-43.4538,-80.1551],[-43.4588,-80.123],[-43.49,-80.0955],[-43.7582,-80.0205],[-43.7422,-80.0029],[-43.7037,-79.9901],[-43.6003,-79.9739],[-43.4958,-79.9693],[-43.2673,-79.9786],[-43.0659,-79.8914],[-42.99,-79.8013],[-42.9447,-79.5791],[-42.9654,-79.4771],[-43.1187,-79.35],[-43.2105,-79.3],[-43.2672,-79.1631],[-43.3637,-79.0848],[-43.4506,-78.9896],[-43.5443,-78.902],[-43.6273,-78.8461],[-43.7221,-78.8185],[-44.0412,-78.8066],[-44.5663,-78.8043],[-45.0916,-78.8143],[-45.2227,-78.8107],[-45.3523,-78.7912],[-45.2948,-78.7398],[-45.2131,-78.687],[-45.0678,-78.6614],[-43.9472,-78.5976]]}},
{"type":"Feature","properties":{"featurecla":"Coastline"},"geometry":{"type":"LineString","coordinates":[[-59.4981,-80.115],[-59.7878,-80.101],[-59.7856,-80.0011],[-59.7524,-79.938],[-59.7063,-79.8753],[-59.8733,-79.777],[-60.5788,-79.741],[-61.0263,-79.8089],[-61.115,-79.8622],[-61.3431,-79.8868],[-61.3462,-79.9506],[-61.2462,-79.9783],[-61.3023,-79.9958],[-61.6842,-80.0197],[-61.7168,-80.0693],[-61.6943,-80.1344],[-61.5975,-80.2059],[-61.4848,-80.2438],[-61.194,-80.2566],[-61.3128,-80.3065],[-61.6333,-80.3441],[-62.2318,-80.3687],[-62.5188,-80.3733],[-65.9801,-80.3845],[-66.1155,-80.3612],[-66.1676,-80.3462],[-66.2174,-80.2582],[-66.2958,-80.2348],[-66.377,-80.2223],[-66.4827,-80.2244],[-66.5884,-80.2386],[-66.6811,-80.2604],[-66.7711,-80.2938],[-66.7336,-80.3186],[-66.5914,-80.3576],[-66.1837,-80.442],[-65.2028,-80.6074],[-64.2683,-80.7485],[-64.2199,-80.734],[-64.1265,-80.6679],[-64.065,-80.6504],[-63.7149,-80.617],[-63.144,-80.5948],[-63.0675,-80.6274],[-62.9861,-80.7346],[-62.9404,-80.7658],[-62.6705,-80.8343],[-62.0233,-80.8891],[-60.5828,-80.9481],[-60.2682,-80.8813],[-60.1247,-80.8407],[-59.9264,-80.7743],[-59.8255,-80.7333],[-59.7713,-80.6565],[-59.7737,-80.5581],[-59.7339,-80.3441],[-59.6833,-80.3153],[-59.6124,-80.2555],[-59.5301,-80.208],[-59.4266,-80.1977],[-59.3217,-80.1962],[-59.4078,-80.1509],[-59.4981,-80.115]]}},
{"type":"Feature","properties":{"featurecla":"Coastline"},"geometry":{"type":"LineString","coordinates":[[-70.5435,-72.6645],[-70.0631,-72.6262],[-69.2093,-72.5342],[-69.1493,-72.4266],[-68.64,-72.2098],[-68.5426,-72.1576],[-68.4607,-72.0854],[-68.3939,-71.9752],[-68.241,-71.8222],[-68.2278,-71.7252],[-68.2524,-71.3135],[-68.2779,-71.0971],[-68.314,-70.9117],[-68.336,-70.8561],[-68.4508,-70.8179],[-68.4595,-70.6829],[-68.5535,-70.5814],[-68.7306,-70.4081],[-69.0913,-70.0903],[-69.2338,-69.9091],[-69.353,-69.6663],[-69.4169,-69.5832],[-69.7076,-69.3209],[-69.855,-69.2766],[-69.9133,-69.2673],[-70.0793,-69.3109],[-70.0511,-69.1891],[-70.0527,-69.1396],[-70.1055,-68.9594],[-70.1543,-68.9229],[-70.3119,-68.8322],[-70.417,-68.789],[-71.3916,-68.8735],[-71.869,-68.941],[-71.9901,-68.9708],[-72.0579,-69.001],[-72.1086,-69.0601],[-72.1379,-69.1146],[-72.1352,-69.1766],[-72.1144,-69.2254],[-72.0807,-69.2672],[-71.9632,-69.3287],[-71.8336,-69.3668],[-71.7429,-69.4228],[-71.7182,-69.524],[-71.7665,-69.6494],[-71.852,-69.807],[-71.8677,-69.8472],[-71.8792,-69.909],[-71.8536,-69.9693],[-71.81,-70.0052],[-71.7285,-70.0537],[-71.6961,-70.0678],[-71.1205,-70.1965],[-71.0237,-70.2014],[-70.9262,-70.1924],[-70.7195,-70.1395],[-70.3276,-70.1597],[-70.2341,-70.1805],[-70.1179,-70.2342],[-69.883,-70.3052],[-69.6184,-70.398],[-69.6599,-70.4123],[-69.7021,-70.4147],[-69.9753,-70.3602],[-70.0904,-70.3507],[-70.3281,-70.3612],[-70.5621,-70.4041],[-71.0611,-70.5371],[-71.19,-70.6596],[-71.1727,-70.713],[-71.0494,-70.7621],[-70.9169,-70.7858],[-70.6606,-70.8179],[-70.2987,-70.8361],[-70.1962,-70.8506],[-70.094,-70.8826],[-69.993,-70.8971],[-69.9332,-70.8804],[-69.8758,-70.876],[-69.8304,-70.9137],[-69.8225,-70.9734],[-69.8229,-71.0337],[-69.8351,-71.0926],[-69.8698,-71.1257],[-69.9165,-71.1338],[-70.2677,-70.9647],[-70.3229,-70.9512],[-70.3807,-70.9464],[-70.7411,-70.9926],[-71.194,-70.9848],[-71.3075,-71.0108],[-71.5045,-71.1115],[-71.7185,-71.1451],[-72.3563,-71.0748],[-72.7104,-71.0729],[-73.0604,-71.127],[-72.9945,-71.1865],[-72.9055,-71.2231],[-72.4301,-71.275],[-72.2117,-71.3351],[-72.6216,-71.3884],[-72.821,-71.3836],[-73.0197,-71.3687],[-73.3974,-71.3212],[-73.474,-71.3249],[-73.6045,-71.3508],[-73.6171,-71.3966],[-73.5922,-71.448],[-73.3802,-71.5279],[-73.4271,-71.5589],[-73.479,-71.5787],[-73.5454,-71.573],[-73.7243,-71.517],[-73.9371,-71.4382],[-74.041,-71.4104],[-74.1872,-71.383],[-74.2361,-71.3884],[-74.3079,-71.3999],[-74.375,-71.4149],[-74.4254,-71.4569],[-74.4203,-71.5072],[-74.3801,-71.5794],[-74.3733,-71.618],[-74.3918,-71.6382],[-74.4187,-71.6433],[-74.4875,-71.6415],[-74.6364,-71.6175],[-74.8631,-71.5434],[-75.0997,-71.5554],[-75.2926,-71.6149],[-75.3354,-71.6452],[-75.3531,-71.6797],[-75.3249,-71.7256],[-75.3308,-71.7523],[-75.3732,-71.7803],[-75.3827,-71.8279],[-75.3531,-71.8784],[-75.2589,-71.914],[-75.1297,-71.964],[-75.0241,-71.9885],[-74.9083,-72.0333],[-74.7858,-72.0636],[-74.6632,-72.0699],[-74.4293,-72.0556],[-74.3218,-72.0727],[-74.2089,-72.1423],[-74.153,-72.1588],[-73.9956,-72.1698],[-73.8993,-72.1523],[-73.5371,-72.0224],[-73.5723,-71.981],[-73.6906,-71.9294],[-73.8299,-71.8702],[-73.776,-71.8489],[-73.6329,-71.835],[-73.41,-71.8531],[-73.1667,-71.9046],[-72.9721,-71.9236],[-72.9276,-71.9217],[-72.4122,-71.6623],[-72.3366,-71.6322],[-72.2591,-71.6412],[-72.0459,-71.7396],[-71.8162,-71.8219],[-71.5744,-71.8506],[-71.4646,-71.8379],[-71.355,-71.8364],[-70.821,-71.9065],[-70.8446,-71.9458],[-70.8911,-71.9874],[-71.0344,-72.0346],[-71.1066,-72.0471],[-71.8976,-72.1208],[-71.8922,-72.1528],[-71.6615,-72.2498],[-71.4125,-72.2845],[-71.1777,-72.2641],[-70.9452,-72.2291],[-70.6414,-72.1696],[-70.5332,-72.1634],[-70.4242,-72.1678],[-70.3142,-72.191],[-70.206,-72.2277],[-70.4277,-72.3226],[-70.6711,-72.3563],[-70.8726,-72.3664],[-71.6053,-72.359],[-72.135,-72.3313],[-72.3761,-72.2963],[-72.6182,-72.2751],[-72.7375,-72.2806],[-72.8548,-72.3042],[-73.0864,-72.4078],[-73.0574,-72.4476],[-73.007,-72.4841],[-72.8876,-72.5467],[-72.7804,-72.5806],[-72.6702,-72.5959],[-72.5308,-72.5896],[-72.4799,-72.6173],[-72.4333,-72.6583],[-72.3675,-72.6697],[-71.8461,-72.6394],[-71.1586,-72.627],[-70.9229,-72.6131],[-70.7313,-72.6229],[-70.5435,-72.6645]]}},
{"type":"Feature","properties":{"featurecla":"Coastline"},"geometry":{"type":"LineString","coordinates":[[-65.7471,-54.6534],[-65.9926,-54.5989],[-66.2356,-54.5335],[-66.462,-54.441],[-66.6701,-54.3136],[-66.8651,-54.2226],[-67.0695,-54.148],[-67.2942,-54.0498],[-67.5026,-53.922],[-67.6781,-53.7871],[-67.8611,-53.6622],[-67.9403,-53.6187],[-68.0085,-53.5641],[-68.1441,-53.319],[-68.1611,-53.3064],[-68.3931,-53.2949],[-68.4885,-53.2609],[-68.5205,-53.2219],[-68.5208,-53.1772],[-68.4795,-53.1138],[-68.4312,-53.0553],[-68.333,-53.0196],[-68.2401,-53.0818],[-68.2782,-52.984],[-68.3388,-52.9001],[-68.5712,-52.6949],[-68.6299,-52.6526],[-68.6592,-52.6315],[-68.7575,-52.582],[-68.7898,-52.5768],[-69.0799,-52.6743],[-69.167,-52.6676],[-69.4141,-52.4862],[-69.4984,-52.4914],[-69.5719,-52.5493],[-69.6633,-52.6463],[-69.7636,-52.7313],[-69.8832,-52.799],[-69.9354,-52.8211],[-69.9936,-52.8213],[-70.0882,-52.7686],[-70.1896,-52.7236],[-70.3349,-52.7338],[-70.3801,-52.752],[-70.2974,-52.817],[-70.2592,-52.8572],[-70.1627,-52.899],[-70.1396,-52.9193],[-70.1306,-52.9428],[-70.1609,-52.9699],[-70.1965,-52.9902],[-70.2563,-53.0041],[-70.32,-53.0007],[-70.3907,-53.0265],[-70.4434,-53.0855],[-70.46,-53.1434],[-70.4603,-53.2062],[-70.4157,-53.3048],[-70.3293,-53.3776],[-70.2128,-53.414],[-70.0904,-53.4182],[-69.8741,-53.3505],[-69.7556,-53.3372],[-69.637,-53.3341],[-69.5125,-53.342],[-69.3936,-53.3734],[-69.356,-53.4163],[-69.3524,-53.48],[-69.3899,-53.4994],[-69.6897,-53.6009],[-69.9497,-53.6716],[-70.0911,-53.7218],[-70.1488,-53.7611],[-70.1511,-53.8881],[-70.0856,-54.0111],[-69.9881,-54.1091],[-69.1957,-54.3544],[-69.0443,-54.4067],[-69.0452,-54.4284],[-69.0772,-54.445],[-69.1279,-54.4576],[-69.1692,-54.4833],[-69.2532,-54.5574],[-69.3121,-54.5715],[-69.3225,-54.5427],[-69.3251,-54.4882],[-69.3648,-54.4376],[-69.4193,-54.4071],[-69.6217,-54.3641],[-69.7418,-54.3059],[-69.8091,-54.3208],[-69.867,-54.3675],[-69.9901,-54.3813],[-70.169,-54.3793],[-70.2434,-54.3477],[-70.2461,-54.2774],[-70.38,-54.1807],[-70.5353,-54.1361],[-70.6298,-54.0056],[-70.4605,-54.0057],[-70.3797,-53.9867],[-70.4432,-53.8935],[-70.5313,-53.6273],[-70.6188,-53.6551],[-70.6956,-53.7274],[-70.6445,-53.8229],[-70.8677,-53.8842],[-70.8567,-53.9958],[-70.8631,-54.1104],[-70.7599,-54.2413],[-70.6361,-54.2623],[-70.54,-54.3034],[-70.4683,-54.3732],[-70.2977,-54.4855],[-70.311,-54.5285],[-70.4179,-54.5022],[-70.573,-54.5044],[-70.7011,-54.4854],[-70.6875,-54.4147],[-70.6988,-54.3488],[-70.7973,-54.3272],[-70.8982,-54.3379],[-70.9282,-54.3601],[-70.9462,-54.398],[-70.9665,-54.4195],[-71.0799,-54.4442],[-71.1588,-54.4506],[-71.3552,-54.3954],[-71.3934,-54.4002],[-71.5004,-54.4449],[-71.5728,-54.4953],[-71.6063,-54.4972],[-71.7158,-54.4437],[-71.8001,-54.434],[-71.8234,-54.4744],[-71.907,-54.4948],[-71.9277,-54.5287],[-71.9016,-54.6016],[-71.8315,-54.6262],[-71.4409,-54.6196],[-71.2292,-54.6941],[-70.9247,-54.7144],[-70.7352,-54.7506],[-70.4972,-54.8096],[-70.2817,-54.7518],[-70.2591,-54.7563],[-70.2378,-54.7775],[-70.1381,-54.8192],[-70.0305,-54.8155],[-69.8995,-54.7818],[-69.7718,-54.7392],[-69.7234,-54.7121],[-69.5875,-54.8128],[-69.4863,-54.8589],[-69.0816,-54.9099],[-68.8436,-54.8768],[-68.8039,-54.8536],[-68.6532,-54.8536],[-68.6187,-54.8338],[-68.491,-54.8362],[-68.3317,-54.8163],[-68.2201,-54.8176],[-68.0071,-54.8484],[-67.7933,-54.8687],[-67.1271,-54.9038],[-66.9305,-54.9249],[-66.6277,-55.0133],[-66.5111,-55.0321],[-66.3987,-55.0094],[-66.2868,-54.9777],[-66.172,-54.9753],[-66.0606,-54.9567],[-65.9538,-54.9193],[-65.842,-54.91],[-65.7228,-54.9264],[-65.6033,-54.9281],[-65.4711,-54.9146],[-65.346,-54.8779],[-65.2523,-54.7889],[-65.179,-54.6781],[-65.252,-54.6381],[-65.3693,-54.6321],[-65.7471,-54.6534]]}},
{"type":"Feature","properties":{"featurecla":"Coastline"},"geometry":{"type":"LineString","coordinates":[[-67.7621,-55.8161],[-67.8341,-55.8275],[-67.8497,-55.8426],[-67.8464,-55.8572],[-67.8315,-55.8648],[-67.6995,-55.8731],[-67.6114,-55.8917],[-67.5752,-55.8896],[-67.5453,-55.8774],[-67.5098,-55.8443],[-67.5173,-55.8328],[-67.5448,-55.826],[-67.7621,-55.8161]]}},
{"type":"Feature","properties":{"featurecla":"Coastline"},"geometry":{"type":"LineString","coordinates":[[-58.4971,-51.9994],[-58.5414,-52.0284],[-58.5128,-52.0711],[-58.4327,-52.099],[-58.4388,-52.011],[-58.4605,-52.0016],[-58.4971,-51.9994]]}},
{"type":"Feature","properties":{"featurecla":"Coastline"},"geometry":{"type":"LineString","coordinates":[[163.7417,-74.7115],[163.7372,-74.7338],[163.7634,-74.8028],[163.8446,-74.8327],[163.976,-74.8327],[164.0592,-74.7527],[164.0982,-74.7319],[164.2085,-74.6077],[164.0023,-74.6289],[163.7417,-74.7115]]}},
{"type":"Feature","properties":{"featurecla":"Coastline"},"geometry":{"type":"LineString","coordinates":[[164.684,-67.2594],[164.6752,-67.2889],[164.6963,-67.4078],[164.639,-67.5001],[164.6921,-67.5601],[164.7463,-67.5688],[164.8336,-67.5404],[164.8604,-67.5039],[164.9187,-67.4475],[164.9072,-67.4186],[164.8501,-67.3637],[164.825,-67.3261],[164.684,-67.2594]]}},
{"type":"Feature","properties":{"featurecla":"Coastline"},"geometry":{"type":"LineString","coordinates":[[167.5938,-78.0223],[167.4979,-77.9924],[167.4224,-78.0064],[167.3641,-78.0458],[167.1379,-78.13],[166.8637,-78.1964],[166.7599,-78.1979],[166.5671,-78.148],[166.1111,-78.0896],[166.0129,-78.102],[166.0125,-78.1312],[166.0506,-78.2134],[166.1219,-78.2746],[166.2849,-78.3064],[166.626,-78.2843],[166.9362,-78.2225],[167.377,-78.249],[167.5175,-78.216],[167.6428,-78.1414],[167.6398,-78.1117],[167.5938,-78.0223]]}},
{"type":"Feature","properties":{"featurecla":"Coastline"},"geometry":{"type":"LineString","coordinates":[[163.2711,-66.7676],[163.2379,-66.7088],[163.1562,-66.6885],[163.0896,-66.7006],[163.1639,-66.8191],[163.2346,-66.868],[163.2836,-66.8819],[163.302,-66.8212],[163.2991,-66.7984],[163.2711,-66.7676]]}},
{"type":"Feature","properties":{"featurecla":"Coastline"},"geometry":{"type":"LineString","coordinates":[[168.4508,-77.3861],[167.4609,-77.3943],[167.0841,-77.3217],[167.085,-77.3074],[167.1068,-77.2706],[166.9873,-77.1865],[166.7164,-77.1617],[166.5063,-77.1894],[166.4131,-77.252],[166.469,-77.2889],[166.6071,-77.3355],[166.6264,-77.3768],[166.458,-77.4437],[166.3784,-77.494],[166.2168,-77.5246],[166.2368,-77.5475],[166.5325,-77.7004],[166.6504,-77.774],[166.729,-77.851],[167.0251,-77.7564],[167.2795,-77.7026],[167.3923,-77.6486],[167.9176,-77.6441],[168.3226,-77.6825],[168.5188,-77.6813],[168.7546,-77.6533],[169.1173,-77.5605],[169.3527,-77.5247],[169.2756,-77.4547],[168.4508,-77.3861]]}},
{"type":"Feature","properties":{"featurecla":"Coastline"},"geometry":{"type":"LineString","coordinates":[[169.8865,-73.4587],[169.7832,-73.3242],[169.74,-73.3204],[169.6719,-73.3461],[169.6454,-73.3791],[169.6594,-73.4181],[169.4795,-73.5395],[169.5224,-73.5615],[169.7092,-73.6253],[169.8437,-73.605],[169.8588,-73.5681],[169.9604,-73.5144],[169.8865,-73.4587]]}},
{"type":"Feature","properties":{"featurecla":"Coastline"},"geometry":{"type":"LineString","coordinates":[[162.72,-75.5967],[162.5912,-75.6686],[162.6619,-75.6919],[162.7883,-75.6962],[162.9681,-75.5671],[162.917,-75.5573],[162.8424,-75.5662],[162.72,-75.5967]]}},
{"type":"Feature","properties":{"featurecla":"Coastline"},"geometry":{"type":"LineString","coordinates":[[100.4094,-65.4656],[100.3241,-65.5207],[100.2703,-65.6033],[100.2926,-65.6513],[100.3506,-65.6729],[100.5123,-65.6754],[100.5469,-65.7013],[100.9814,-65.6775],[101.2384,-65.5646],[101.259,-65.5276],[101.2206,-65.4723],[101.0787,-65.4025],[100.8834,-65.3781],[100.6069,-65.3964],[100.5451,-65.409],[100.4094,-65.4656]]}},
{"type":"Feature","properties":{"featurecla":"Coastline"},"geometry":{"type":"LineString","coordinates":[[85.3403,-66.7233],[85.3145,-66.776],[85.3588,-66.8543],[85.6174,-66.9509],[85.6223,-66.9653],[85.6501,-66.9797],[85.8224,-66.9533],[85.9377,-66.8941],[85.8063,-66.7746],[85.5528,-66.7285],[85.3403,-66.7233]]}},
{"type":"Feature","properties":{"featurecla":"Coastline"},"geometry":{"type":"LineString","coordinates":[[92.3015,-65.7067],[92.2481,-65.7399],[92.2628,-65.7601],[92.333,-65.8072],[92.4705,-65.8217],[92.6014,-65.8083],[92.6696,-65.7748],[92.6646,-65.7604],[92.6338,-65.7307],[92.4964,-65.7021],[92.3015,-65.7067]]}},
{"type":"Feature","properties":{"featurecla":"Coastline"},"geometry":{"type":"LineString","coordinates":[[86.3833,-66.6748],[86.2777,-66.6967],[86.2322,-66.7329],[86.337,-66.7876],[86.4267,-66.792],[86.5418,-66.7675],[86.652,-66.7182],[86.5567,-66.7058],[86.5206,-66.6869],[86.3833,-66.6748]]}},
{"type":"Feature","properties":{"featurecla":"Coastline"},"geometry":{"type":"LineString","coordinates":[[85.1647,-66.5216],[85.1211,-66.5186],[85.0687,-66.5838],[85.0796,-66.6043],[85.1361,-66.6371],[85.2225,-66.6435],[85.3285,-66.6119],[85.1939,-66.5561],[85.1647,-66.5216]]}},
{"type":"Feature","properties":{"featurecla":"Coastline"},"geometry":{"type":"LineString","coordinates":[[69.7961,-71.8939],[69.7371,-71.922],[69.6926,-71.9683],[69.7436,-72.0441],[69.792,-72.0467],[69.9184,-71.9178],[69.8952,-71.9078],[69.7961,-71.8939]]}},
{"type":"Feature","properties":{"featurecla":"Coastline"},"geometry":{"type":"LineString","coordinates":[[68.6671,-72.1031],[68.5663,-72.1901],[68.4361,-72.2604],[68.4089,-72.3002],[68.4617,-72.3001],[68.6695,-72.276],[68.8172,-72.2287],[68.8404,-72.1654],[68.7293,-72.0892],[68.6671,-72.1031]]}},
{"type":"Feature","properties":{"featurecla":"Coastline"},"geometry":{"type":"LineString","coordinates":[[96.7273,-66.0608],[96.6127,-66.0358],[96.4998,-66.0459],[96.3988,-66.0802],[96.307,-66.1858],[96.3945,-66.225],[96.934,-66.2008],[97.0156,-66.164],[97.0188,-66.1395],[97.0056,-66.0968],[96.9316,-66.0584],[96.7273,-66.0608]]}},
{"type":"Feature","properties":{"featurecla":"Coastline"},"geometry":{"type":"LineString","coordinates":[[72.0734,-70.5245],[72.0557,-70.501],[72.0,-70.4568],[71.88,-70.4056],[71.8512,-70.3677],[71.838,-70.3122],[71.7966,-70.2643],[71.7051,-70.2844],[71.6466,-70.3363],[71.6371,-70.4436],[71.6594,-70.4975],[71.7258,-70.5491],[71.8412,-70.622],[71.929,-70.633],[72.0022,-70.6326],[72.0781,-70.6091],[72.0974,-70.5746],[72.0734,-70.5245]]}},
{"type":"Feature","properties":{"featurecla":"Coastline"},"geometry":{"type":"LineString","coordinates":[[162.3105,-66.2513],[162.3021,-66.2646],[162.2973,-66.3037],[162.3263,-66.3475],[162.3027,-66.3997],[162.5113,-66.5201],[162.5571,-66.5251],[162.6114,-66.4773],[162.5633,-66.4326],[162.3105,-66.2513]]}},
{"type":"Feature","properties":{"featurecla":"Coastline"},"geometry":{"type":"LineString","coordinates":[[100.1744,-66.1311],[100.0763,-66.1881],[100.082,-66.2027],[100.1332,-66.2295],[100.2647,-66.2166],[100.2815,-66.18],[100.2905,-66.1124],[100.1744,-66.1311]]}},
{"type":"Feature","properties":{"featurecla":"Coastline"},"geometry":{"type":"LineString","coordinates":[[98.6551,-66.4533],[98.7518,-66.4816],[98.8461,-66.4698],[98.9498,-66.4205],[98.7486,-66.3692],[98.5965,-66.3826],[98.6052,-66.3999],[98.6551,-66.4533]]}},
{"type":"Feature","properties":{"featurecla":"Coastline"},"geometry":{"type":"LineString","coordinates":[[103.1861,-65.3306],[103.1817,-65.3077],[103.1908,-65.2371],[103.1368,-65.1906],[102.8929,-65.1297],[102.7961,-65.1363],[102.7596,-65.1679],[102.7888,-65.2359],[103.0544,-65.2854],[103.1128,-65.312],[103.1242,-65.3384],[103.1385,-65.4351],[103.176,-65.4547],[103.3372,-65.4686],[103.3973,-65.4453],[103.3789,-65.4265],[103.261,-65.3773],[103.1861,-65.3306]]}},
{"type":"Feature","properties":{"featurecla":"Coastline"},"geometry":{"type":"LineString","coordinates":[[-147.5789,-76.6628],[-147.5883,-76.6498],[-147.6491,-76.6108],[-147.7697,-76.5769],[-147.8997,-76.558],[-148.0011,-76.5771],[-147.9543,-76.5972],[-147.7296,-76.6534],[-147.5789,-76.6628]]}},
{"type":"Feature","properties":{"featurecla":"Coastline"},"geometry":{"type":"LineString","coordinates":[[-145.7608,-75.5139],[-145.8955,-75.5048],[-146.0757,-75.5334],[-146.1508,-75.5735],[-146.0428,-75.6119],[-145.5412,-75.6927],[-145.3484,-75.7161],[-145.2381,-75.7112],[-145.2522,-75.6828],[-145.3154,-75.6414],[-145.4174,-75.588],[-145.7608,-75.5139]]}},
{"type":"Feature","properties":{"featurecla":"Coastline"},"geometry":{"type":"LineString","coordinates":[[-146.8665,-76.8371],[-147.0867,-76.8373],[-147.1156,-76.8662],[-147.1015,-76.8865],[-147.0441,-76.9297],[-147.0789,-76.9928],[-146.9814,-77.0057],[-146.6067,-76.9613],[-146.164,-76.9485],[-146.2444,-76.8831],[-146.8665,-76.8371]]}},
{"type":"Feature","properties":{"featurecla":"Coastline"},"geometry":{"type":"LineString","coordinates":[[-132.8317,-74.4216],[-132.8572,-74.4617],[-132.5463,-74.4984],[-132.3913,-74.4419],[-132.3623,-74.41],[-132.5525,-74.3866],[-132.8317,-74.4216]]}},
{"type":"Feature","properties":{"featurecla":"Coastline"},"geometry":{"type":"LineString","coordinates":[[-149.2381,-76.9002],[-149.3025,-76.9158],[-149.2448,-76.9931],[-149.0146,-77.0191],[-148.5959,-77.0068],[-148.4743,-76.9978],[-148.4397,-76.9771],[-148.5089,-76.9546],[-148.7041,-76.9356],[-149.2381,-76.9002]]}},
{"type":"Feature","properties":{"featurecla":"Coastline"},"geometry":{"type":"LineString","coordinates":[[-148.3709,-76.7949],[-148.3208,-76.7717],[-148.3842,-76.7444],[-148.6626,-76.7205],[-148.9279,-76.7301],[-149.3333,-76.7174],[-149.4689,-76.7571],[-149.2385,-76.8178],[-148.9839,-76.8453],[-148.8146,-76.8407],[-148.6695,-76.8021],[-148.3709,-76.7949]]}},
{"type":"Feature","properties":{"featurecla":"Coastline"},"geometry":{"type":"LineString","coordinates":[[-131.2339,-74.4136],[-131.5596,-74.3673],[-131.5941,-74.3297],[-131.7627,-74.3238],[-131.9378,-74.3491],[-132.1626,-74.4258],[-132.0493,-74.4639],[-132.0251,-74.4887],[-131.9525,-74.5144],[-131.8409,-74.5426],[-131.5979,-74.5537],[-131.1789,-74.6048],[-131.0667,-74.5838],[-130.9673,-74.515],[-130.9568,-74.4562],[-130.9811,-74.4141],[-131.2339,-74.4136]]}},
{"type":"Feature","properties":{"featurecla":"Coastline"},"geometry":{"type":"LineString","coordinates":[[-119.5489,-74.1103],[-119.4485,-74.0762],[-119.0586,-73.9977],[-118.9898,-73.967],[-118.8773,-73.878],[-118.9098,-73.8343],[-118.9593,-73.8095],[-119.2162,-73.7776],[-119.5164,-73.7749],[-119.669,-73.8093],[-119.8026,-73.8146],[-119.6616,-73.9894],[-119.6937,-74.0062],[-119.7967,-74.0292],[-119.9051,-74.0815],[-119.8872,-74.0973],[-119.821,-74.1196],[-119.7583,-74.1221],[-119.5489,-74.1103]]}},
{"type":"Feature","properties":{"featurecla":"Coastline"},"geometry":{"type":"LineString","coordinates":[[-116.3813,-73.8655],[-117.3765,-74.0828],[-117.3983,-74.1225],[-117.363,-74.1609],[-117.2303,-74.1928],[-116.7386,-74.165],[-116.5709,-74.1257],[-116.5141,-74.0955],[-116.5342,-74.0833],[-116.6086,-74.0686],[-116.5846,-74.0556],[-116.4514,-74.0177],[-116.155,-73.9104],[-116.2027,-73.8956],[-116.3813,-73.8655]]}},
{"type":"Feature","properties":{"featurecla":"Coastline"},"geometry":{"type":"LineString","coordinates":[[-127.4864,-74.4053],[-127.853,-74.3318],[-128.0429,-74.3122],[-128.1334,-74.3274],[-128.0962,-74.4662],[-128.0705,-74.4782],[-128.0,-74.4895],[-127.9152,-74.5426],[-127.8171,-74.5746],[-127.5177,-74.6405],[-127.3658,-74.6227],[-127.2319,-74.5784],[-127.1452,-74.4802],[-127.2297,-74.4252],[-127.4864,-74.4053]]}},
{"type":"Feature","properties":{"featurecla":"Coastline"},"geometry":{"type":"LineString","coordinates":[[-149.2181,-77.3363],[-149.2491,-77.315],[-149.3754,-77.28],[-149.5187,-77.2747],[-149.6624,-77.301],[-149.4387,-77.3706],[-148.9289,-77.3868],[-149.2181,-77.3363]]}},
{"type":"Feature","properties":{"featurecla":"Coastline"},"geometry":{"type":"LineString","coordinates":[[-162.7985,-82.8648],[-163.7959,-82.8427],[-163.7353,-82.8568],[-163.7039,-82.8793],[-163.6343,-82.9022],[-163.6022,-82.9273],[-163.6018,-82.9686],[-163.5521,-82.9877],[-163.3484,-83.0216],[-163.2421,-83.0597],[-163.0465,-83.0968],[-162.3049,-83.1418],[-161.9938,-83.1188],[-161.8282,-83.0426],[-161.6352,-83.027],[-162.3398,-82.9228],[-162.4106,-82.8992],[-162.7985,-82.8648]]}},
{"type":"Feature","properties":{"featurecla":"Coastline"},"geometry":{"type":"LineString","coordinates":[[-150.0848,-76.7352],[-150.1036,-76.7188],[-150.1774,-76.6913],[-150.8376,-76.7142],[-150.8735,-76.7367],[-150.8305,-76.7615],[-150.6552,-76.789],[-150.2325,-76.7765],[-150.0848,-76.7352]]}},
{"type":"Feature","properties":{"featurecla":"Coastline"},"geometry":{"type":"LineString","coordinates":[[-147.1509,-76.1975],[-146.8945,-76.2609],[-146.6901,-76.2464],[-146.949,-76.0981],[-147.3606,-76.0628],[-147.4181,-76.0734],[-147.4209,-76.0902],[-147.4078,-76.1046],[-147.3454,-76.1467],[-147.1509,-76.1975]]}},
{"type":"Feature","properties":{"featurecla":"Coastline"},"geometry":{"type":"LineString","coordinates":[[-146.9475,-76.555],[-147.1353,-76.5315],[-147.2786,-76.5525],[-147.3553,-76.6188],[-147.2213,-76.6709],[-146.9078,-76.7141],[-146.79,-76.6331],[-146.8779,-76.5633],[-146.9475,-76.555]]}},
{"type":"Feature","properties":{"featurecla":"Coastline"},"geometry":{"type":"LineString","coordinates":[[-160.4671,-81.5895],[-160.4854,-81.567],[-160.6169,-81.5221],[-160.9379,-81.4635],[-161.5586,-81.3967],[-162.4565,-81.3133],[-163.2006,-81.2814],[-163.869,-81.324],[-163.93,-81.3521],[-163.9512,-81.3909],[-163.9393,-81.4041],[-163.8901,-81.4236],[-163.7661,-81.4448],[-163.2531,-81.4824],[-160.571,-81.5979],[-160.4671,-81.5895]]}},
{"type":"Feature","properties":{"featurecla":"Coastline"},"geometry":{"type":"LineString","coordinates":[[-151.0215,-77.22],[-151.218,-77.2265],[-151.5116,-77.2733],[-151.3445,-77.2963],[-150.4749,-77.3737],[-150.3971,-77.3691],[-150.3562,-77.349],[-150.4991,-77.3351],[-151.0215,-77.22]]}},
{"type":"Feature","properties":{"featurecla":"Coastline"},"geometry":{"type":"LineString","coordinates":[[-153.9305,-80.0333],[-154.0254,-79.9877],[-154.5351,-79.9355],[-155.1622,-79.8507],[-155.6743,-79.7655],[-155.7512,-79.8296],[-155.5253,-79.8465],[-155.0448,-79.8998],[-154.9417,-79.9663],[-154.5294,-80.0005],[-154.3488,-80.0261],[-154.1141,-80.036],[-153.9305,-80.0333]]}},
{"type":"Feature","properties":{"featurecla":"Coastline"},"geometry":{"type":"LineString","coordinates":[[-149.2935,-77.1366],[-149.2307,-77.1205],[-149.2883,-77.0932],[-149.4164,-77.0789],[-149.4417,-77.0492],[-149.5058,-77.0017],[-149.7426,-76.9271],[-149.7898,-76.8893],[-149.8706,-76.875],[-150.3933,-76.8987],[-150.4758,-76.9261],[-150.6802,-76.9484],[-150.7885,-76.9816],[-150.7358,-77.0043],[-150.4618,-77.0757],[-149.8563,-77.0994],[-149.8169,-77.1142],[-149.7286,-77.1285],[-149.2935,-77.1366]]}},
{"type":"Feature","properties":{"featurecla":"Coastline"},"geometry":{"type":"LineString","coordinates":[[-158.2608,-81.9473],[-158.3467,-81.9005],[-158.9137,-81.7798],[-158.9887,-81.7793],[-158.9263,-81.8187],[-158.7732,-81.8755],[-158.5453,-81.9488],[-158.1541,-82.0585],[-158.0762,-82.112],[-157.9875,-82.105],[-157.8346,-82.0308],[-158.2608,-81.9473]]}},
{"type":"Feature","properties":{"featurecla":"Coastline"},"geometry":{"type":"LineString","coordinates":[[-6.0683,-70.4047],[-6.2437,-70.4457],[-6.438,-70.4526],[-6.2661,-70.5502],[-6.1809,-70.5855],[-6.1561,-70.6115],[-5.8941,-70.5522],[-5.9495,-70.4322],[-5.9716,-70.4215],[-6.0683,-70.4047]]}},
{"type":"Feature","properties":{"featurecla":"Coastline"},"geometry":{"type":"LineString","coordinates":[[3.0722,-70.3816],[2.6314,-70.5004],[2.5847,-70.5346],[2.6228,-70.5934],[2.6978,-70.6235],[3.0369,-70.5974],[3.1711,-70.5539],[3.2213,-70.5191],[3.2599,-70.4488],[3.2306,-70.4026],[3.1928,-70.3927],[3.0722,-70.3816]]}},
{"type":"Feature","properties":{"featurecla":"Coastline"},"geometry":{"type":"LineString","coordinates":[[-3.399,-71.0621],[-3.3917,-71.0812],[-3.4039,-71.1198],[-3.3856,-71.143],[-3.3094,-71.2009],[-3.2015,-71.2303],[-3.0606,-71.2366],[-2.955,-71.2138],[-3.1914,-71.0948],[-3.2128,-71.076],[-3.263,-71.0518],[-3.399,-71.0621]]}},
{"type":"Feature","properties":{"featurecla":"Coastline"},"geometry":{"type":"LineString","coordinates":[[1.3148,-70.0228],[1.0268,-70.0498],[0.9496,-70.094],[0.9525,-70.1689],[0.9903,-70.2243],[1.1046,-70.3042],[1.1563,-70.3781],[1.2115,-70.3813],[1.2993,-70.2552],[1.4609,-70.1356],[1.4122,-70.0407],[1.3148,-70.0228]]}},
{"type":"Feature","properties":{"featurecla":"Coastline"},"geometry":{"type":"LineString","coordinates":[[-2.5328,-70.7678],[-2.7498,-70.6941],[-3.04,-70.6744],[-3.5371,-70.6833],[-3.5747,-70.7031],[-3.489,-70.7359],[-3.007,-70.8515],[-2.975,-70.8833],[-2.9631,-70.9403],[-2.8005,-70.9822],[-2.8052,-71.0147],[-2.8219,-71.0567],[-2.8251,-71.1127],[-2.7835,-71.1675],[-2.6067,-71.1411],[-2.3689,-71.0444],[-2.2932,-70.9979],[-2.2127,-70.9016],[-2.119,-70.8554],[-2.0923,-70.8209],[-2.2556,-70.7961],[-2.4234,-70.8004],[-2.5328,-70.7678]]}},
{"type":"Feature","properties":{"featurecla":"Coastline"},"geometry":{"type":"LineString","coordinates":[[4.1296,-70.417],[4.1797,-70.4513],[4.3652,-70.5026],[4.5259,-70.4787],[4.5899,-70.4325],[4.6176,-70.3687],[4.5862,-70.2942],[4.495,-70.2514],[4.2561,-70.2408],[4.1117,-70.2668],[4.0697,-70.2902],[4.0762,-70.3253],[4.1296,-70.417]]}},
{"type":"Feature","properties":{"featurecla":"Coastline"},"geometry":{"type":"LineString","coordinates":[[48.6378,-66.701],[48.3577,-66.7038],[48.3008,-66.7242],[48.2939,-66.7501],[48.296,-66.7738],[48.3045,-66.7979],[48.3779,-66.8073],[48.546,-66.7842],[48.7747,-66.7783],[48.7855,-66.7676],[48.7824,-66.7312],[48.7511,-66.7196],[48.6378,-66.701]]}},
{"type":"Feature","properties":{"featurecla":"Coastline"},"geometry":{"type":"LineString","coordinates":[[15.9096,-69.7284],[15.699,-69.7732],[15.5969,-69.828],[15.5626,-69.8628],[15.571,-69.8848],[15.6139,-69.9391],[15.6635,-69.9551],[15.8449,-69.982],[16.1593,-70.072],[16.2227,-70.0076],[16.3154,-69.8444],[16.6255,-69.7503],[16.5734,-69.7232],[16.2469,-69.705],[15.9096,-69.7284]]}},
{"type":"Feature","properties":{"featurecla":"Coastline"},"geometry":{"type":"LineString","coordinates":[[26.6862,-70.1145],[26.6048,-70.0782],[26.4256,-70.0605],[26.3011,-70.0725],[25.9825,-70.1999],[25.9541,-70.2614],[25.9643,-70.2945],[26.0054,-70.3729],[26.3576,-70.4343],[26.4702,-70.4479],[26.6088,-70.4124],[26.793,-70.4193],[26.8572,-70.3812],[26.8748,-70.33],[26.7374,-70.186],[26.6862,-70.1145]]}},
{"type":"Feature","properties":{"featurecla":"Coastline"},"geometry":{"type":"LineString","coordinates":[[-30.9851,-79.8185],[-31.1188,-79.7984],[-31.6049,-79.6447],[-31.6804,-79.6343],[-32.0003,-79.7324],[-31.8241,-79.8495],[-31.5942,-79.8877],[-30.8444,-79.9385],[-30.4221,-80.0108],[-30.029,-79.9361],[-29.8001,-79.926],[-29.7208,-79.9299],[-29.6145,-79.9096],[-29.8709,-79.8232],[-30.6602,-79.7331],[-30.7799,-79.6474],[-30.8615,-79.7259],[-30.8408,-79.7713],[-30.9851,-79.8185]]}},
{"type":"Feature","properties":{"featurecla":"Coastline"},"geometry":{"type":"LineString","coordinates":[[-33.9947,-79.2785],[-34.3915,-79.2229],[-35.5347,-79.09],[-35.5973,-79.0919],[-35.7902,-79.1489],[-36.048,-79.1812],[-36.2378,-79.1957],[-36.566,-79.2088],[-36.6008,-79.2827],[-36.4813,-79.294],[-34.05,-79.3571],[-33.9342,-79.3204],[-33.9472,-79.3054],[-33.9947,-79.2785]]}},
{"type":"Feature","properties":{"featurecla":"Coastline"},"geometry":{"type":"LineString","coordinates":[[-2.738,-70.507],[-2.6827,-70.4622],[-2.6844,-70.3762],[-2.7135,-70.3202],[-2.8051,-70.2885],[-2.9499,-70.2797],[-3.1732,-70.3073],[-3.2875,-70.344],[-3.4968,-70.4884],[-3.4902,-70.508],[-3.4419,-70.5354],[-3.2802,-70.5338],[-2.738,-70.507]]}},
{"type":"Feature","properties":{"featurecla":"Coastline"},"geometry":{"type":"LineString","coordinates":[[-20.6003,-74.1969],[-20.6413,-74.1506],[-20.6542,-74.105],[-20.6074,-73.8866],[-20.5207,-73.7979],[-20.5207,-73.7118],[-20.5802,-73.6192],[-20.6901,-73.6252],[-20.867,-73.6767],[-20.9792,-73.7904],[-21.0245,-73.8801],[-21.1264,-73.9398],[-21.2883,-73.9894],[-21.9304,-74.0566],[-22.0354,-74.1065],[-21.6099,-74.0918],[-21.1666,-74.1326],[-21.0512,-74.1761],[-20.9768,-74.2251],[-20.8457,-74.4378],[-20.8177,-74.4548],[-20.737,-74.481],[-20.489,-74.4927],[-20.4167,-74.4434],[-20.4114,-74.4085],[-20.4233,-74.3174],[-20.6003,-74.1969]]}},
{"type":"Feature","properties":{"featurecla":"Coastline"},"geometry":{"type":"LineString","coordinates":[[-16.3029,-72.478],[-16.3559,-72.4586],[-16.4554,-72.4735],[-16.5166,-72.5309],[-16.5098,-72.5822],[-16.453,-72.6523],[-16.3176,-72.7021],[-16.1748,-72.7028],[-16.1045,-72.6791],[-16.1725,-72.6],[-16.3029,-72.478]]}},
{"type":"Feature","properties":{"featurecla":"Coastline"},"geometry":{"type":"LineString","coordinates":[[-12.7889,-72.0065],[-12.8755,-72.0007],[-12.9148,-72.0146],[-12.9633,-72.0645],[-12.9437,-72.0989],[-12.8884,-72.1371],[-12.7202,-72.1877],[-12.5884,-72.1961],[-12.5089,-72.1733],[-12.5348,-72.14],[-12.6366,-72.0713],[-12.7889,-72.0065]]}},
{"type":"Feature","properties":{"featurecla":"Coastline"},"geometry":{"type":"LineString","coordinates":[[-31.9567,-79.6038],[-31.9334,-79.5679],[-32.15,-79.5299],[-32.3766,-79.5347],[-32.5008,-79.5923],[-32.5833,-79.6583],[-32.5149,-79.6828],[-32.3425,-79.6736],[-32.0012,-79.607],[-31.9567,-79.6038]]}},
{"type":"Feature","properties":{"featurecla":"Coastline"},"geometry":{"type":"LineString","coordinates":[[-45.78,-60.586],[-45.7092,-60.6454],[-45.398,-60.6497],[-45.1737,-60.733],[-45.1729,-60.6987],[-45.1864,-60.6719],[-45.211,-60.6481],[-45.2281,-60.6397],[-45.3574,-60.6238],[-45.3863,-60.5827],[-45.4997,-60.5465],[-45.7178,-60.5209],[-45.8342,-60.5435],[-45.9348,-60.5266],[-45.9563,-60.5684],[-45.9548,-60.5975],[-45.9373,-60.6199],[-45.78,-60.586]]}},
{"type":"Feature","properties":{"featurecla":"Coastline"},"geometry":{"type":"LineString","coordinates":[[-54.122,-61.2018],[-54.1922,-61.2466],[-54.1839,-61.2697],[-54.1154,-61.3085],[-54.0707,-61.2991],[-54.0413,-61.2554],[-54.0243,-61.1353],[-54.0499,-61.1421],[-54.122,-61.2018]]}},
{"type":"Feature","properties":{"featurecla":"Coastline"},"geometry":{"type":"LineString","coordinates":[[-68.4223,-79.3332],[-68.5489,-79.4374],[-68.4081,-79.464],[-68.1615,-79.4785],[-67.4343,-79.5012],[-67.2619,-79.4526],[-67.3049,-79.394],[-67.2395,-79.3276],[-67.1729,-79.3115],[-67.0687,-79.2685],[-67.4745,-79.2229],[-67.7142,-79.2141],[-68.0326,-79.2271],[-68.233,-79.285],[-68.3244,-79.2982],[-68.4223,-79.3332]]}},
{"type":"Feature","properties":{"featurecla":"Coastline"},"geometry":{"type":"LineString","coordinates":[[-55.387,-61.0727],[-55.4402,-61.1062],[-55.3691,-61.1464],[-55.3469,-61.2116],[-55.297,-61.2485],[-55.1654,-61.2204],[-55.0576,-61.1687],[-54.71,-61.1397],[-54.671,-61.117],[-55.387,-61.0727]]}},
{"type":"Feature","properties":{"featurecla":"Coastline"},"geometry":{"type":"LineString","coordinates":[[-55.4663,-63.1996],[-55.528,-63.1735],[-55.5287,-63.1568],[-55.5896,-63.1283],[-56.0422,-63.1571],[-56.3851,-63.2341],[-56.466,-63.2835],[-56.4605,-63.302],[-56.4753,-63.3183],[-56.5053,-63.3343],[-56.499,-63.3576],[-56.4628,-63.4181],[-56.3785,-63.4373],[-56.083,-63.3826],[-56.0091,-63.3415],[-55.8305,-63.2984],[-55.7502,-63.2967],[-55.5937,-63.3358],[-55.1568,-63.3531],[-55.0752,-63.3243],[-55.1064,-63.2493],[-55.1562,-63.2048],[-55.2155,-63.1986],[-55.4663,-63.1996]]}},
{"type":"Feature","properties":{"featurecla":"Coastline"},"geometry":{"type":"LineString","coordinates":[[-55.7618,-63.4221],[-55.8579,-63.4073],[-56.2099,-63.4369],[-56.2352,-63.4688],[-56.1784,-63.5133],[-55.9567,-63.58],[-55.8726,-63.5356],[-55.7192,-63.4921],[-55.7618,-63.4221]]}},
{"type":"Feature","properties":{"featurecla":"Coastline"},"geometry":{"type":"LineString","coordinates":[[-57.4459,-64.4599],[-57.4479,-64.4885],[-57.4334,-64.5402],[-57.3263,-64.5707],[-57.2405,-64.5668],[-56.991,-64.468],[-56.9453,-64.4272],[-56.9517,-64.3817],[-56.8947,-64.333],[-57.0226,-64.3523],[-57.3146,-64.4354],[-57.3656,-64.4388],[-57.4459,-64.4599]]}},
{"type":"Feature","properties":{"featurecla":"Coastline"},"geometry":{"type":"LineString","coordinates":[[-59.0638,-62.2391],[-59.2024,-62.2831],[-59.1746,-62.3018],[-59.0594,-62.3478],[-58.8379,-62.3025],[-58.8787,-62.2679],[-58.9621,-62.2639],[-58.9906,-62.2492],[-59.0638,-62.2391]]}},
{"type":"Feature","properties":{"featurecla":"Coastline"},"geometry":{"type":"LineString","coordinates":[[-58.562,-62.2439],[-58.5073,-62.2257],[-58.4667,-62.1372],[-58.3415,-62.1194],[-58.183,-62.17],[-58.1331,-62.1458],[-58.1722,-62.1178],[-58.1476,-62.0635],[-57.9627,-62.0775],[-57.8067,-62.0119],[-57.6396,-62.0204],[-57.6365,-61.9982],[-57.6766,-61.9421],[-57.738,-61.9212],[-57.8493,-61.9399],[-57.9784,-61.9119],[-58.2652,-61.9533],[-58.3995,-61.9383],[-58.6836,-62.0082],[-58.7095,-62.0447],[-58.9552,-62.1643],[-59.0037,-62.2098],[-58.819,-62.1713],[-58.7553,-62.2061],[-58.7457,-62.2179],[-58.644,-62.2252],[-58.594,-62.2478],[-58.562,-62.2439]]}},
{"type":"Feature","properties":{"featurecla":"Coastline"},"geometry":{"type":"LineString","coordinates":[[-62.0208,-64.0273],[-62.0439,-64.0804],[-61.9524,-64.0771],[-61.9111,-64.0545],[-61.8862,-64.027],[-61.7982,-63.9666],[-61.9363,-63.9902],[-62.0208,-64.0273]]}},
{"type":"Feature","properties":{"featurecla":"Coastline"},"geometry":{"type":"LineString","coordinates":[[-61.9784,-69.3004],[-62.1179,-69.2147],[-62.239,-69.1758],[-62.4421,-69.146],[-62.5159,-69.1546],[-62.5677,-69.1805],[-62.4962,-69.2882],[-62.216,-69.4949],[-62.1719,-69.6366],[-62.0852,-69.7295],[-61.9976,-69.7219],[-61.9701,-69.6914],[-61.9078,-69.5876],[-61.9113,-69.5334],[-61.8072,-69.5146],[-61.7837,-69.4419],[-61.816,-69.3762],[-61.9784,-69.3004]]}},
{"type":"Feature","properties":{"featurecla":"Coastline"},"geometry":{"type":"LineString","coordinates":[[-63.1772,-64.7388],[-63.2194,-64.7298],[-63.3669,-64.7921],[-63.4593,-64.7963],[-63.5583,-64.906],[-63.4744,-64.9065],[-63.3162,-64.8611],[-63.2569,-64.7908],[-63.1772,-64.7388]]}},
{"type":"Feature","properties":{"featurecla":"Coastline"},"geometry":{"type":"LineString","coordinates":[[-62.0938,-64.2346],[-62.0585,-64.1381],[-62.2687,-64.09],[-62.2676,-64.0399],[-62.3288,-64.0135],[-62.4514,-64.0124],[-62.545,-64.0457],[-62.5857,-64.0756],[-62.6107,-64.1163],[-62.5903,-64.1396],[-62.4797,-64.2106],[-62.504,-64.2534],[-62.643,-64.3916],[-62.7209,-64.4445],[-62.7468,-64.4717],[-62.7818,-64.479],[-62.727,-64.496],[-62.5797,-64.5143],[-62.5081,-64.4541],[-62.4552,-64.4717],[-62.3959,-64.4646],[-62.3258,-64.4244],[-62.3037,-64.4014],[-62.1857,-64.3688],[-62.1743,-64.296],[-62.0938,-64.2346]]}},
{"type":"Feature","properties":{"featurecla":"Coastline"},"geometry":{"type":"LineString","coordinates":[[-62.4115,-62.9716],[-62.344,-62.9178],[-62.3174,-62.8741],[-62.5271,-62.9238],[-62.6389,-63.0319],[-62.6553,-63.0738],[-62.6151,-63.0693],[-62.4115,-62.9716]]}},
{"type":"Feature","properties":{"featurecla":"Coastline"},"geometry":{"type":"LineString","coordinates":[[-59.5252,-62.4515],[-59.389,-62.4443],[-59.3534,-62.4129],[-59.3959,-62.3673],[-59.4785,-62.3521],[-59.6607,-62.3543],[-59.6194,-62.395],[-59.5252,-62.4515]]}},
{"type":"Feature","properties":{"featurecla":"Coastline"},"geometry":{"type":"LineString","coordinates":[[-56.3541,-63.1688],[-56.259,-63.1731],[-56.06,-63.0785],[-56.051,-63.0547],[-56.0584,-63.0186],[-56.0618,-63.0127],[-56.1404,-63.0053],[-56.4886,-62.9822],[-56.6142,-63.0451],[-56.6005,-63.0616],[-56.5459,-63.0983],[-56.3541,-63.1688]]}},
{"type":"Feature","properties":{"featurecla":"Coastline"},"geometry":{"type":"LineString","coordinates":[[-60.7959,-62.6623],[-60.6969,-62.6207],[-60.6196,-62.6334],[-60.378,-62.6165],[-60.3538,-62.6792],[-60.3216,-62.7075],[-60.2209,-62.7454],[-59.8496,-62.6149],[-60.0027,-62.6185],[-60.1399,-62.5487],[-60.5763,-62.5727],[-60.625,-62.5601],[-60.7318,-62.491],[-60.7993,-62.4752],[-60.8377,-62.5337],[-60.9747,-62.5917],[-61.1524,-62.5891],[-61.1498,-62.6342],[-61.0633,-62.6789],[-60.9951,-62.6791],[-60.7959,-62.6623]]}},
{"type":"Feature","properties":{"featurecla":"Coastline"},"geometry":{"type":"LineString","coordinates":[[-57.3438,-63.8785],[-57.2478,-63.8684],[-57.218,-63.8756],[-57.104,-63.8412],[-57.1608,-63.8157],[-57.3602,-63.8248],[-57.3742,-63.8072],[-57.4394,-63.7914],[-57.6833,-63.8127],[-57.6164,-63.8536],[-57.3438,-63.8785]]}},
{"type":"Feature","properties":{"featurecla":"Coastline"},"geometry":{"type":"LineString","coordinates":[[-61.3271,-69.8563],[-61.3865,-69.8933],[-61.4043,-69.9325],[-61.3785,-69.9498],[-61.3086,-69.9779],[-61.1584,-69.9758],[-61.1079,-69.9553],[-61.1519,-69.8831],[-61.3271,-69.8563]]}},
{"type":"Feature","properties":{"featurecla":"Coastline"},"geometry":{"type":"LineString","coordinates":[[-60.6934,-68.795],[-60.6559,-68.7676],[-60.7048,-68.7221],[-60.8136,-68.6877],[-60.9472,-68.6807],[-61.0149,-68.7098],[-60.894,-68.7589],[-60.8201,-68.7784],[-60.6934,-68.795]]}},
{"type":"Feature","properties":{"featurecla":"Coastline"},"geometry":{"type":"LineString","coordinates":[[-60.5537,-70.5088],[-60.8839,-70.5176],[-60.9418,-70.5325],[-60.9755,-70.5991],[-60.958,-70.629],[-60.8965,-70.6896],[-60.8261,-70.7105],[-60.7406,-70.7105],[-60.4877,-70.6467],[-60.449,-70.6033],[-60.4525,-70.5442],[-60.5537,-70.5088]]}},
{"type":"Feature","properties":{"featurecla":"Coastline"},"geometry":{"type":"LineString","coordinates":[[-60.5163,-70.9995],[-60.5333,-70.9625],[-60.6131,-70.9201],[-60.7828,-70.9141],[-60.8891,-70.9344],[-60.9465,-70.9674],[-60.9063,-71.0074],[-60.7897,-71.0411],[-60.6521,-71.0587],[-60.5522,-71.0529],[-60.5359,-71.0409],[-60.5163,-70.9995]]}},
{"type":"Feature","properties":{"featurecla":"Coastline"},"geometry":{"type":"LineString","coordinates":[[-60.6374,-62.8952],[-60.7059,-62.9056],[-60.7404,-62.9486],[-60.6929,-62.9957],[-60.6217,-63.018],[-60.5637,-63.009],[-60.6177,-62.9866],[-60.6197,-62.969],[-60.5547,-62.9775],[-60.5049,-62.9674],[-60.6374,-62.8952]]}},
{"type":"Feature","properties":{"featurecla":"Coastline"},"geometry":{"type":"LineString","coordinates":[[-60.5624,-63.6959],[-60.7148,-63.6688],[-60.7967,-63.7167],[-60.8101,-63.8366],[-60.9722,-63.849],[-60.8524,-63.891],[-60.7777,-63.9021],[-60.6531,-63.8666],[-60.655,-63.8501],[-60.6889,-63.8079],[-60.6559,-63.759],[-60.5624,-63.6959]]}},
{"type":"Feature","properties":{"featurecla":"Coastline"},"geometry":{"type":"LineString","coordinates":[[-94.0042,-72.8197],[-94.047,-72.823],[-94.1132,-72.8601],[-94.0781,-72.8839],[-93.9655,-72.9202],[-93.7956,-72.9197],[-93.7558,-72.9076],[-93.7996,-72.882],[-94.0042,-72.8197]]}},
{"type":"Feature","properties":{"featurecla":"Coastline"},"geometry":{"type":"LineString","coordinates":[[-90.7802,-72.7317],[-90.7633,-72.6811],[-90.8071,-72.6106],[-90.9474,-72.5563],[-91.3035,-72.5474],[-91.6124,-72.5938],[-91.67,-72.6237],[-91.5515,-72.7536],[-91.3821,-72.8679],[-91.3569,-72.9095],[-91.4504,-72.9679],[-91.5108,-73.1955],[-91.3442,-73.2071],[-91.1607,-73.1822],[-90.9984,-73.1365],[-90.8931,-73.084],[-90.7756,-72.993],[-90.751,-72.9166],[-90.7762,-72.854],[-90.8954,-72.8236],[-90.7802,-72.7317]]}},
{"type":"Feature","properties":{"featurecla":"Coastline"},"geometry":{"type":"LineString","coordinates":[[-104.9724,-72.941],[-105.0846,-72.9659],[-105.1318,-72.9915],[-105.1234,-73.0264],[-105.0529,-73.126],[-104.881,-73.2006],[-104.6596,-73.2121],[-104.5379,-73.1663],[-104.9724,-72.941]]}},
{"type":"Feature","properties":{"featurecla":"Coastline"},"geometry":{"type":"LineString","coordinates":[[-94.5661,-72.4681],[-94.753,-72.5172],[-95.2156,-72.5994],[-95.2729,-72.6469],[-95.2194,-72.6698],[-95.0271,-72.665],[-94.426,-72.6126],[-94.4339,-72.5892],[-94.5139,-72.4917],[-94.5384,-72.4758],[-94.5661,-72.4681]]}},
{"type":"Feature","properties":{"featurecla":"Coastline"},"geometry":{"type":"LineString","coordinates":[[-71.5512,-70.4389],[-71.4377,-70.3915],[-71.3403,-70.3175],[-71.3549,-70.2979],[-71.4316,-70.2673],[-71.6478,-70.2954],[-71.695,-70.2651],[-71.7953,-70.2884],[-71.782,-70.3188],[-71.6847,-70.4423],[-71.5512,-70.4389]]}},
{"type":"Feature","properties":{"featurecla":"Coastline"},"geometry":{"type":"LineString","coordinates":[[-72.2021,-69.7401],[-71.9854,-69.6984],[-72.3312,-69.4918],[-72.4643,-69.4519],[-72.7262,-69.4131],[-72.8573,-69.4331],[-72.9368,-69.4688],[-72.9573,-69.5291],[-72.7768,-69.645],[-72.3446,-69.707],[-72.2021,-69.7401]]}},
{"type":"Feature","properties":{"featurecla":"Coastline"},"geometry":{"type":"LineString","coordinates":[[-74.0487,-73.2202],[-74.0845,-73.2493],[-74.1344,-73.2767],[-74.1466,-73.3154],[-74.0383,-73.3655],[-73.9748,-73.3761],[-73.8784,-73.3568],[-73.7214,-73.2963],[-73.6823,-73.225],[-73.5424,-73.1238],[-73.6742,-73.1004],[-73.8321,-73.1133],[-74.0487,-73.2202]]}},
{"type":"Feature","properties":{"featurecla":"Coastline"},"geometry":{"type":"LineString","coordinates":[[-66.0639,-65.8809],[-65.8453,-65.8425],[-65.8357,-65.8138],[-65.8408,-65.7385],[-65.8139,-65.6866],[-65.7837,-65.6743],[-65.6697,-65.6529],[-65.668,-65.6262],[-65.6369,-65.5478],[-65.8336,-65.5272],[-65.9683,-65.571],[-65.9997,-65.6328],[-66.0669,-65.6661],[-66.0496,-65.7447],[-66.1535,-65.7737],[-66.1814,-65.8264],[-66.1753,-65.8665],[-66.0639,-65.8809]]}},
{"type":"Feature","properties":{"featurecla":"Coastline"},"geometry":{"type":"LineString","coordinates":[[-66.867,-66.2748],[-66.8675,-66.2938],[-66.85,-66.3055],[-66.8187,-66.3127],[-66.5953,-66.2007],[-66.5926,-66.1786],[-66.6229,-66.1339],[-66.5752,-66.0824],[-66.6313,-66.0668],[-66.779,-66.1108],[-66.7915,-66.2336],[-66.867,-66.2748]]}},
{"type":"Feature","properties":{"featurecla":"Coastline"},"geometry":{"type":"LineString","coordinates":[[-67.1494,-67.6502],[-67.1749,-67.6245],[-67.2467,-67.5987],[-67.4177,-67.5906],[-67.5567,-67.6045],[-67.7433,-67.6612],[-67.7307,-67.6795],[-67.6897,-67.6877],[-67.6934,-67.7635],[-67.5445,-67.7853],[-67.3489,-67.7662],[-67.2997,-67.7372],[-67.2797,-67.7119],[-67.1494,-67.6502]]}},
{"type":"Feature","properties":{"featurecla":"Coastline"},"geometry":{"type":"LineString","coordinates":[[-67.257,-66.8409],[-67.2687,-66.8152],[-67.3317,-66.7535],[-67.426,-66.7369],[-67.5108,-66.7562],[-67.4995,-66.8036],[-67.5933,-66.8756],[-67.5208,-66.8973],[-67.4092,-66.902],[-67.3624,-66.8945],[-67.257,-66.8409]]}},
{"type":"Feature","properties":{"featurecla":"Coastline"},"geometry":{"type":"LineString","coordinates":[[-66.5416,-55.1694],[-66.5997,-55.1937],[-66.6248,-55.2131],[-66.6366,-55.2344],[-66.6302,-55.2541],[-66.6111,-55.2699],[-66.5517,-55.2729],[-66.4721,-55.2291],[-66.4358,-55.1897],[-66.5231,-55.1655],[-66.5416,-55.1694]]}},
{"type":"Feature","properties":{"featurecla":"Coastline"},"geometry":{"type":"LineString","coordinates":[[-75.1242,-44.8699],[-75.0987,-44.9018],[-75.0675,-44.9065],[-75.0425,-44.8901],[-75.0322,-44.8705],[-75.0484,-44.8239],[-75.0795,-44.7951],[-75.1074,-44.7951],[-75.1421,-44.8156],[-75.1242,-44.8699]]}},
{"type":"Feature","properties":{"featurecla":"Coastline"},"geometry":{"type":"LineString","coordinates":[[-75.2251,-48.6714],[-75.434,-48.7212],[-75.5103,-48.7635],[-75.6229,-48.7646],[-75.6509,-48.5863],[-75.5185,-48.3288],[-75.509,-48.2307],[-75.5535,-48.1567],[-75.5715,-48.0959],[-75.5607,-48.0709],[-75.3914,-48.0197],[-75.3384,-48.074],[-75.2755,-48.2185],[-75.1555,-48.4252],[-75.1585,-48.6227],[-75.2251,-48.6714]]}},
{"type":"Feature","properties":{"featurecla":"Coastline"},"geometry":{"type":"LineString","coordinates":[[-75.3037,-50.484],[-75.4276,-50.4806],[-75.4198,-50.5304],[-75.4427,-50.5955],[-75.4774,-50.6542],[-75.4526,-50.6825],[-75.4385,-50.7411],[-75.4114,-50.7644],[-75.3305,-50.7724],[-75.302,-50.68],[-75.2923,-50.5969],[-75.2034,-50.5807],[-75.1604,-50.5544],[-75.1153,-50.5104],[-75.1562,-50.4968],[-75.3037,-50.484]]}},
{"type":"Feature","properties":{"featurecla":"Coastline"},"geometry":{"type":"LineString","coordinates":[[-73.3104,-53.2477],[-73.4506,-53.1443],[-73.5045,-53.14],[-73.5493,-53.1257],[-73.654,-53.0698],[-73.7818,-53.0561],[-73.8792,-53.0122],[-74.066,-52.9653],[-74.2746,-52.9455],[-74.33,-52.9293],[-74.3693,-52.9314],[-74.3857,-52.9224],[-74.4223,-52.8601],[-74.4746,-52.8356],[-74.5715,-52.7713],[-74.67,-52.7339],[-74.712,-52.7487],[-74.7115,-52.7682],[-74.6199,-52.8348],[-74.5583,-52.9219],[-74.4144,-52.9949],[-74.2702,-53.0815],[-74.2364,-53.0765],[-74.1386,-53.0905],[-73.994,-53.0758],[-73.8669,-53.0969],[-73.7935,-53.1207],[-73.6171,-53.2297],[-73.5959,-53.2529],[-73.5828,-53.3002],[-73.5673,-53.3068],[-73.501,-53.3185],[-73.4094,-53.3205],[-73.2257,-53.3584],[-73.1352,-53.3539],[-73.1434,-53.3409],[-73.3025,-53.2595],[-73.3104,-53.2477]]}},
{"type":"Feature","properties":{"featurecla":"Coastline"},"geometry":{"type":"LineString","coordinates":[[-68.3054,-55.3566],[-68.3266,-55.3327],[-68.3228,-55.3082],[-68.2827,-55.2552],[-68.3301,-55.2194],[-68.3817,-55.1916],[-68.5855,-55.1777],[-68.6133,-55.1556],[-68.5981,-55.1283],[-68.3998,-55.042],[-68.458,-54.9597],[-68.6535,-54.9579],[-68.9008,-55.0178],[-69.703,-54.919],[-69.8844,-54.882],[-69.9209,-55.0611],[-69.9465,-55.111],[-69.988,-55.1308],[-69.9798,-55.1475],[-69.8868,-55.1741],[-69.8658,-55.1906],[-69.8537,-55.2198],[-69.824,-55.2365],[-69.6798,-55.2189],[-69.6574,-55.229],[-69.6563,-55.2984],[-69.6459,-55.3209],[-69.6103,-55.3399],[-69.5087,-55.3709],[-69.4557,-55.424],[-69.4118,-55.4442],[-69.2408,-55.4768],[-69.1809,-55.4748],[-69.299,-55.3693],[-69.3592,-55.3007],[-69.3562,-55.2739],[-69.2971,-55.1658],[-69.1926,-55.1719],[-69.1508,-55.1834],[-69.0468,-55.2443],[-69.0082,-55.2558],[-68.9126,-55.2386],[-68.8901,-55.2412],[-68.889,-55.2633],[-68.9321,-55.3474],[-68.9313,-55.3706],[-68.8961,-55.4238],[-68.867,-55.4502],[-68.785,-55.4356],[-68.6936,-55.4522],[-68.5942,-55.45],[-68.4667,-55.4891],[-68.338,-55.5053],[-68.2934,-55.5214],[-68.2296,-55.6016],[-68.1571,-55.6337],[-68.0827,-55.6506],[-68.0483,-55.6432],[-68.0456,-55.5875],[-68.0583,-55.518],[-68.0899,-55.4783],[-68.1526,-55.4369],[-68.3054,-55.3566]]}},
{"type":"Feature","properties":{"featurecla":"Coastline"},"geometry":{"type":"LineString","coordinates":[[-75.1151,-48.916],[-75.1067,-48.8365],[-75.1186,-48.7729],[-75.2362,-48.7786],[-75.2973,-48.8106],[-75.4905,-48.8505],[-75.5353,-48.8382],[-75.5831,-48.8589],[-75.6191,-48.8859],[-75.6378,-48.9426],[-75.5762,-48.9808],[-75.5401,-48.9885],[-75.5146,-49.0096],[-75.4876,-49.0824],[-75.5729,-49.1389],[-75.6412,-49.1954],[-75.5804,-49.23],[-75.5061,-49.2307],[-75.3899,-49.1592],[-75.2627,-49.0689],[-75.1151,-48.916]]}},
{"type":"Feature","properties":{"featurecla":"Coastline"},"geometry":{"type":"LineString","coordinates":[[-60.2488,-51.396],[-60.2759,-51.3632],[-60.2753,-51.2806],[-60.1714,-51.2734],[-60.0698,-51.3079],[-60.0765,-51.3426],[-60.1117,-51.3959],[-60.2488,-51.396]]}},
{"type":"Feature","properties":{"featurecla":"Coastline"},"geometry":{"type":"LineString","coordinates":[[-26.3035,-58.3822],[-26.4012,-58.3832],[-26.451,-58.4153],[-26.4153,-58.4398],[-26.2599,-58.4923],[-26.2641,-58.4352],[-26.2794,-58.4018],[-26.3035,-58.3822]]}},
{"type":"Feature","properties":{"featurecla":"Coastline"},"geometry":{"type":"LineString","coordinates":[[-75.0845,-47.8245],[-75.0513,-47.8005],[-74.916,-47.7566],[-74.9265,-47.7231],[-75.004,-47.6947],[-75.0898,-47.6906],[-75.2031,-47.728],[-75.261,-47.7639],[-75.1943,-47.8181],[-75.1858,-47.8507],[-75.1122,-47.8377],[-75.0845,-47.8245]]}},
{"type":"Feature","properties":{"featurecla":"Coastline"},"geometry":{"type":"LineString","coordinates":[[-74.6648,-43.5996],[-74.6727,-43.5774],[-74.6975,-43.553],[-74.745,-43.5359],[-74.8177,-43.5494],[-74.842,-43.5703],[-74.8427,-43.5955],[-74.8104,-43.6254],[-74.6688,-43.6078],[-74.6648,-43.5996]]}},
{"type":"Feature","properties":{"featurecla":"Coastline"},"geometry":{"type":"LineString","coordinates":[[-73.6282,-44.6808],[-73.6412,-44.6108],[-73.6865,-44.5463],[-73.7239,-44.5442],[-73.7795,-44.5592],[-73.817,-44.614],[-73.8185,-44.6521],[-73.8001,-44.6841],[-73.7349,-44.7517],[-73.7248,-44.7969],[-73.6946,-44.8312],[-73.6648,-44.8329],[-73.6322,-44.8215],[-73.6166,-44.7529],[-73.6282,-44.6808]]}},
{"type":"Feature","properties":{"featurecla":"Coastline"},"geometry":{"type":"LineString","coordinates":[[-74.5673,-48.592],[-74.6182,-48.4252],[-74.6001,-48.3931],[-74.6024,-48.3703],[-74.6151,-48.3431],[-74.6644,-48.2993],[-74.7024,-48.2059],[-74.7152,-48.1455],[-74.7293,-48.1259],[-74.8052,-48.0782],[-74.8462,-48.0208],[-74.8274,-47.8504],[-74.8957,-47.8394],[-74.9751,-47.9229],[-75.1983,-47.9746],[-75.2473,-48.0268],[-75.2339,-48.0534],[-75.2129,-48.1417],[-75.1585,-48.2253],[-75.1319,-48.2793],[-75.0789,-48.3615],[-75.0521,-48.3914],[-75.0128,-48.5357],[-74.923,-48.6265],[-74.7096,-48.6012],[-74.5863,-48.6157],[-74.5673,-48.592]]}},
{"type":"Feature","properties":{"featurecla":"Coastline"},"geometry":{"type":"LineString","coordinates":[[-64.0549,-54.7299],[-64.1053,-54.7217],[-64.2205,-54.722],[-64.4388,-54.7394],[-64.5492,-54.7162],[-64.5813,-54.7527],[-64.6251,-54.7736],[-64.6892,-54.7747],[-64.7573,-54.8266],[-64.7314,-54.863],[-64.6374,-54.9025],[-64.5087,-54.8399],[-64.4533,-54.8403],[-64.3229,-54.7965],[-64.0283,-54.7926],[-63.9712,-54.8106],[-63.8326,-54.768],[-63.8154,-54.7251],[-63.8819,-54.7229],[-64.0324,-54.7424],[-64.0549,-54.7299]]}},
{"type":"Feature","properties":{"featurecla":"Coastline"},"geometry":{"type":"LineString","coordinates":[[-59.7532,-52.1414],[-59.7933,-52.1342],[-59.7859,-52.1562],[-59.7849,-52.2047],[-59.7645,-52.2422],[-59.7466,-52.2509],[-59.6827,-52.2316],[-59.681,-52.1801],[-59.7532,-52.1414]]}},
{"type":"Feature","properties":{"featurecla":"Coastline"},"geometry":{"type":"LineString","coordinates":[[-60.876,-51.7942],[-60.9473,-51.7995],[-61.0187,-51.7857],[-61.0517,-51.814],[-61.145,-51.8395],[-61.1158,-51.8753],[-61.032,-51.9425],[-60.9476,-51.9463],[-60.9162,-51.897],[-60.876,-51.7942]]}},
{"type":"Feature","properties":{"featurecla":"Coastline"},"geometry":{"type":"LineString","coordinates":[[-72.4705,-54.0277],[-72.4085,-54.0038],[-72.3691,-53.9808],[-72.366,-53.9408],[-72.3063,-53.8621],[-72.2054,-53.8074],[-72.3067,-53.7254],[-72.3729,-53.6875],[-72.4592,-53.5988],[-72.4823,-53.5881],[-72.6855,-53.5579],[-72.8094,-53.5653],[-72.8822,-53.5783],[-72.8963,-53.5628],[-72.9232,-53.4816],[-72.9473,-53.4425],[-72.9709,-53.423],[-73.0221,-53.4146],[-73.0536,-53.3944],[-73.0743,-53.3968],[-73.1109,-53.4252],[-73.1153,-53.448],[-73.0994,-53.5119],[-73.3659,-53.4702],[-73.4471,-53.4101],[-73.6865,-53.4269],[-73.8455,-53.5458],[-73.6415,-53.5703],[-73.5816,-53.6555],[-73.4709,-53.7361],[-73.3601,-53.724],[-73.3248,-53.7227],[-73.3144,-53.7292],[-73.2949,-53.7921],[-73.2929,-53.8358],[-73.3122,-53.9196],[-73.3047,-53.9439],[-73.2106,-53.9858],[-73.12,-54.0094],[-73.0808,-53.998],[-73.0708,-53.978],[-73.0855,-53.9159],[-73.073,-53.8753],[-73.0395,-53.8328],[-72.9842,-53.8605],[-72.9361,-53.8608],[-72.8717,-53.8485],[-72.7638,-53.8648],[-72.7817,-53.9548],[-72.8817,-54.0416],[-72.9586,-54.0659],[-72.9461,-54.0921],[-72.9073,-54.1146],[-72.871,-54.1266],[-72.8404,-54.1251],[-72.7886,-54.1031],[-72.6766,-54.0789],[-72.5629,-54.0737],[-72.4705,-54.0277]]}},
{"type":"Feature","properties":{"featurecla":"Coastline"},"geometry":{"type":"LineString","coordinates":[[-67.737,-55.2564],[-67.6915,-55.243],[-67.5852,-55.192],[-67.5353,-55.1785],[-67.4947,-55.1774],[-67.4635,-55.1817],[-67.4433,-55.2012],[-67.4294,-55.2365],[-67.3993,-55.2723],[-67.3397,-55.2926],[-67.2574,-55.2818],[-67.1726,-55.2426],[-67.1095,-55.1921],[-67.0799,-55.1538],[-67.0855,-55.1152],[-67.1073,-55.0636],[-67.2453,-54.9776],[-67.4246,-54.9689],[-67.8741,-54.9297],[-68.1069,-54.9294],[-68.3014,-54.9807],[-68.1743,-55.0713],[-68.1351,-55.1727],[-68.0995,-55.2068],[-68.07,-55.2211],[-67.7678,-55.2596],[-67.737,-55.2564]]}},
{"type":"Feature","properties":{"featurecla":"Coastline"},"geometry":{"type":"LineString","coordinates":[[-70.2831,-55.0659],[-70.4175,-54.9089],[-70.5348,-54.9213],[-70.6153,-54.9456],[-70.7493,-54.9527],[-70.8048,-54.9677],[-70.9279,-54.943],[-70.9451,-54.9313],[-70.9916,-54.868],[-71.0886,-54.8675],[-71.1971,-54.8444],[-71.3743,-54.8346],[-71.4105,-54.8394],[-71.4372,-54.8893],[-71.4269,-54.9138],[-71.4066,-54.9309],[-71.3886,-54.9343],[-71.3253,-54.9138],[-71.2993,-54.8923],[-71.2736,-54.8869],[-71.2033,-54.893],[-71.1204,-54.9378],[-70.9907,-54.9904],[-70.9673,-55.0068],[-70.9645,-55.0396],[-70.9398,-55.0619],[-70.8155,-55.0799],[-70.7444,-55.1042],[-70.711,-55.1069],[-70.6409,-55.0849],[-70.5975,-55.082],[-70.5511,-55.1119],[-70.5387,-55.135],[-70.5435,-55.1613],[-70.4756,-55.1771],[-70.4042,-55.1656],[-70.2979,-55.1138],[-70.2831,-55.0659]]}},
{"type":"Feature","properties":{"featurecla":"Coastline"},"geometry":{"type":"LineString","coordinates":[[-67.2889,-55.7769],[-67.2673,-55.7628],[-67.2625,-55.7437],[-67.3104,-55.6887],[-67.3506,-55.6121],[-67.3741,-55.5894],[-67.3974,-55.5852],[-67.4488,-55.6406],[-67.5128,-55.662],[-67.5461,-55.6837],[-67.5635,-55.7078],[-67.56,-55.7248],[-67.3934,-55.7527],[-67.3522,-55.766],[-67.3253,-55.7848],[-67.2889,-55.7769]]}},
{"type":"Feature","properties":{"featurecla":"Coastline"},"geometry":{"type":"LineString","coordinates":[[-74.5926,-51.3875],[-74.5609,-51.3608],[-74.5586,-51.2771],[-74.5705,-51.2454],[-74.6116,-51.2071],[-74.7367,-51.2076],[-74.8814,-51.2795],[-75.0403,-51.3182],[-75.1537,-51.2788],[-75.21,-51.3833],[-75.2385,-51.4535],[-75.3,-51.5564],[-75.2891,-51.6254],[-75.1924,-51.5667],[-75.1463,-51.5243],[-75.0474,-51.3983],[-74.9367,-51.4283],[-74.8533,-51.4342],[-74.7974,-51.4117],[-74.7309,-51.3674],[-74.6907,-51.3702],[-74.6204,-51.3957],[-74.5926,-51.3875]]}},
{"type":"Feature","properties":{"featurecla":"Coastline"},"geometry":{"type":"LineString","coordinates":[[-74.9634,-50.2373],[-74.8386,-50.1973],[-74.876,-50.11],[-75.0042,-50.0887],[-75.1226,-50.0553],[-75.2097,-50.0454],[-75.3267,-50.0118],[-75.3688,-50.1127],[-75.3767,-50.168],[-75.3979,-50.1927],[-75.4121,-50.2566],[-75.4491,-50.3434],[-75.3079,-50.3431],[-75.2504,-50.3763],[-75.0548,-50.2961],[-74.9634,-50.2373]]}},
{"type":"Feature","properties":{"featurecla":"Coastline"},"geometry":{"type":"LineString","coordinates":[[-74.5368,-51.9651],[-74.6475,-51.8662],[-74.7495,-51.8519],[-74.7801,-51.8247],[-74.8229,-51.6302],[-74.9097,-51.65],[-74.9152,-51.7383],[-75.0081,-51.7237],[-75.1054,-51.7889],[-75.0507,-51.9039],[-75.0171,-52.0379],[-74.9177,-52.1522],[-74.8518,-52.2707],[-74.6945,-52.2792],[-74.666,-52.1601],[-74.5318,-51.992],[-74.5368,-51.9651]]}},
{"type":"Feature","properties":{"featurecla":"Coastline"},"geometry":{"type":"LineString","coordinates":[[-73.9383,-43.9143],[-73.9042,-43.8754],[-73.8336,-43.8832],[-73.7896,-43.8765],[-73.8106,-43.8272],[-73.8414,-43.789],[-73.8569,-43.7838],[-73.9672,-43.8165],[-74.1399,-43.821],[-74.143,-43.8722],[-74.1178,-43.8875],[-73.9557,-43.922],[-73.9383,-43.9143]]}},
{"type":"Feature","properties":{"featurecla":"Coastline"},"geometry":{"type":"LineString","coordinates":[[-71.6706,-54.2254],[-71.5581,-54.2456],[-71.4733,-54.2312],[-71.3046,-54.3136],[-71.1433,-54.374],[-71.1175,-54.3663],[-71.083,-54.3163],[-71.028,-54.2812],[-71.0049,-54.2467],[-71.0229,-54.1617],[-71.0219,-54.1118],[-71.1688,-54.1126],[-71.3905,-54.0328],[-71.5542,-53.9561],[-71.7051,-53.9233],[-71.9965,-53.8849],[-72.0689,-53.9213],[-72.146,-53.9389],[-72.2104,-54.0478],[-72.0916,-54.1187],[-71.9724,-54.2072],[-71.9485,-54.3009],[-71.8176,-54.2765],[-71.7612,-54.2298],[-71.6706,-54.2254]]}},
{"type":"Feature","properties":{"featurecla":"Coastline"},"geometry":{"type":"LineString","coordinates":[[-74.2831,-51.9188],[-74.1721,-51.9421],[-74.1422,-51.9311],[-74.1189,-51.9111],[-74.1154,-51.8885],[-74.1334,-51.8709],[-74.2771,-51.8116],[-74.3257,-51.7702],[-74.3621,-51.7507],[-74.4508,-51.7249],[-74.4754,-51.7257],[-74.4371,-51.7906],[-74.4236,-51.8451],[-74.3387,-51.8979],[-74.2831,-51.9188]]}},
{"type":"Feature","properties":{"featurecla":"Coastline"},"geometry":{"type":"LineString","coordinates":[[-73.7271,-45.119],[-73.7865,-45.0336],[-73.7954,-44.9786],[-73.7921,-44.9458],[-73.8279,-44.8398],[-73.8774,-44.7288],[-73.9186,-44.6547],[-74.0021,-44.5909],[-73.996,-44.538],[-73.9833,-44.4948],[-73.8623,-44.4451],[-73.7846,-44.4375],[-73.7354,-44.3945],[-73.7037,-44.3254],[-73.7032,-44.2741],[-73.8178,-44.235],[-73.8646,-44.1854],[-73.9002,-44.1349],[-73.9949,-44.1402],[-74.0828,-44.1864],[-74.1081,-44.2759],[-74.0972,-44.3894],[-74.1328,-44.4159],[-74.2125,-44.427],[-74.3012,-44.3957],[-74.4217,-44.4354],[-74.5018,-44.4735],[-74.4805,-44.5846],[-74.6178,-44.6479],[-74.4988,-44.7481],[-74.4188,-44.8652],[-74.3499,-44.9108],[-74.268,-45.059],[-74.1952,-45.1448],[-74.0893,-45.1957],[-74.0991,-45.3254],[-74.0163,-45.3449],[-73.849,-45.3406],[-73.8345,-45.3266],[-73.8299,-45.2835],[-73.771,-45.2766],[-73.7521,-45.2668],[-73.7282,-45.1959],[-73.7217,-45.1576],[-73.7271,-45.119]]}},
{"type":"Feature","properties":{"featurecla":"Coastline"},"geometry":{"type":"LineString","coordinates":[[-74.2292,-45.6113],[-74.24,-45.5745],[-74.3154,-45.4641],[-74.2854,-45.2772],[-74.3105,-45.1727],[-74.4219,-45.2032],[-74.45,-45.2529],[-74.5023,-45.2852],[-74.4947,-45.4259],[-74.5584,-45.5256],[-74.6464,-45.6],[-74.6898,-45.6626],[-74.6777,-45.7386],[-74.5616,-45.7225],[-74.4655,-45.7572],[-74.3685,-45.7358],[-74.3129,-45.6915],[-74.2439,-45.6536],[-74.2292,-45.6113]]}},
{"type":"Feature","properties":{"featurecla":"Coastline"},"geometry":{"type":"LineString","coordinates":[[158.8359,-54.704],[158.8452,-54.7492],[158.8788,-54.7098],[158.9456,-54.575],[158.9589,-54.4724],[158.897,-54.5061],[158.8359,-54.704]]}},
{"type":"Feature","properties":{"featurecla":"Coastline"},"geometry":{"type":"LineString","coordinates":[[173.8733,-40.7493],[173.8124,-40.7937],[173.7862,-40.8814],[173.7809,-40.9218],[173.9146,-40.8637],[173.958,-40.7868],[173.9645,-40.713],[173.9033,-40.7463],[173.8733,-40.7493]]}},
{"type":"Feature","properties":{"featurecla":"Coastline"},"geometry":{"type":"LineString","coordinates":[[166.5671,-45.6444],[166.532,-45.6998],[166.5592,-45.7082],[166.5917,-45.7018],[166.6425,-45.7244],[166.6945,-45.7299],[166.7292,-45.7297],[166.741,-45.705],[166.7463,-45.6559],[166.7314,-45.6387],[166.6856,-45.615],[166.5671,-45.6444]]}},
{"type":"Feature","properties":{"featurecla":"Coastline"},"geometry":{"type":"LineString","coordinates":[[-176.2749,-43.7648],[-176.2135,-43.7663],[-176.1776,-43.7403],[-176.5661,-43.7176],[-176.6672,-43.7651],[-176.7611,-43.7579],[-176.8477,-43.8239],[-176.808,-43.8346],[-176.6346,-43.8202],[-176.5551,-43.852],[-176.5238,-43.901],[-176.5627,-43.9541],[-176.6315,-44.0063],[-176.6293,-44.0361],[-176.598,-44.1072],[-176.5715,-44.1149],[-176.5155,-44.1166],[-176.4528,-44.0769],[-176.3338,-44.0484],[-176.3336,-44.0253],[-176.3854,-43.9515],[-176.4391,-43.9547],[-176.5001,-43.8602],[-176.4413,-43.8161],[-176.4549,-43.8049],[-176.5166,-43.7848],[-176.4991,-43.7681],[-176.4074,-43.7609],[-176.3752,-43.7906],[-176.3817,-43.8668],[-176.2749,-43.7648]]}},
{"type":"Feature","properties":{"featurecla":"Coastline"},"geometry":{"type":"LineString","coordinates":[[-176.2293,-44.2367],[-176.2146,-44.2735],[-176.2208,-44.3306],[-176.1765,-44.3217],[-176.1226,-44.2685],[-176.1547,-44.2245],[-176.2293,-44.2367]]}},
{"type":"Feature","properties":{"featurecla":"Coastline"},"geometry":{"type":"LineString","coordinates":[[169.0791,-52.4988],[169.0218,-52.4954],[169.0398,-52.5285],[169.076,-52.5519],[169.1275,-52.5703],[169.2335,-52.5482],[169.1782,-52.4973],[169.1286,-52.4852],[169.0791,-52.4988]]}},
{"type":"Feature","properties":{"featurecla":"Coastline"},"geometry":{"type":"LineString","coordinates":[[166.2096,-50.612],[166.2594,-50.5772],[166.2675,-50.5586],[166.2543,-50.5439],[166.2251,-50.531],[166.1014,-50.539],[166.1031,-50.573],[166.0738,-50.679],[165.9156,-50.7631],[165.8892,-50.8077],[165.9041,-50.8215],[165.9714,-50.8195],[166.0133,-50.7779],[166.0377,-50.7867],[166.0732,-50.8227],[166.1879,-50.8461],[166.2429,-50.8457],[166.2211,-50.7615],[166.2008,-50.7509],[166.1795,-50.7146],[166.2204,-50.6943],[166.2076,-50.6524],[166.2096,-50.612]]}},
{"type":"Feature","properties":{"featurecla":"Coastline"},"geometry":{"type":"LineString","coordinates":[[168.156,-46.9883],[168.1255,-46.9562],[168.0432,-46.9326],[168.041,-46.8878],[168.1453,-46.9021],[168.1449,-46.8622],[167.9558,-46.6944],[167.784,-46.6998],[167.7652,-46.7977],[167.8008,-46.9065],[167.742,-46.9568],[167.7409,-47.0136],[167.6541,-47.0442],[167.631,-47.0878],[167.629,-47.1423],[167.5388,-47.199],[167.522,-47.2587],[167.5549,-47.2637],[167.6764,-47.243],[167.785,-47.1761],[167.8107,-47.1704],[167.9056,-47.1799],[168.015,-47.1175],[168.1839,-47.1016],[168.2409,-47.07],[168.2606,-47.0271],[168.2414,-46.979],[168.156,-46.9883]]}},
{"type":"Feature","properties":{"featurecla":"Coastline"},"geometry":{"type":"LineString","coordinates":[[147.3125,-43.2803],[147.2839,-43.2789],[147.234,-43.3305],[147.2197,-43.3714],[147.1984,-43.3792],[147.1847,-43.4078],[147.1631,-43.4303],[147.1047,-43.4129],[147.105,-43.4312],[147.1538,-43.5002],[147.2314,-43.4831],[147.3089,-43.5008],[147.3561,-43.397],[147.3425,-43.3463],[147.3125,-43.2803]]}},
{"type":"Feature","properties":{"featurecla":"Coastline"},"geometry":{"type":"LineString","coordinates":[[148.0228,-42.6404],[148.0309,-42.6634],[148.0297,-42.7148],[148.0481,-42.7192],[148.1043,-42.7104],[148.1006,-42.6806],[148.1695,-42.6518],[148.1428,-42.6159],[148.0726,-42.5932],[148.0228,-42.6404]]}},
{"type":"Feature","properties":{"featurecla":"Coastline"},"geometry":{"type":"LineString","coordinates":[[147.3525,-43.0803],[147.3273,-43.1146],[147.3191,-43.1453],[147.2961,-43.1617],[147.3376,-43.1833],[147.3488,-43.2324],[147.3719,-43.2408],[147.4346,-43.2407],[147.3973,-43.1183],[147.3525,-43.0803]]}},
{"type":"Feature","properties":{"featurecla":"Coastline"},"geometry":{"type":"LineString","coordinates":[[144.7512,-40.4702],[144.7102,-40.4853],[144.748,-40.5895],[144.7844,-40.5067],[144.7908,-40.4403],[144.7834,-40.4349],[144.7512,-40.4702]]}},
{"type":"Feature","properties":{"featurecla":"Coastline"},"geometry":{"type":"LineString","coordinates":[[143.8852,-40.0],[143.8758,-40.064],[143.8987,-40.1202],[143.9279,-40.1161],[144.0351,-40.0782],[144.1119,-40.0221],[144.1213,-40.0]]}},
{"type":"Feature","properties":{"featurecla":"Coastline"},"geometry":{"type":"LineString","coordinates":[[148.3263,-40.3069],[148.1981,-40.3579],[148.0588,-40.3568],[148.0104,-40.3806],[148.0201,-40.4042],[148.1025,-40.4517],[148.2141,-40.4575],[148.3194,-40.4346],[148.3527,-40.4973],[148.404,-40.4865],[148.4742,-40.4324],[148.4207,-40.3672],[148.3263,-40.3069]]}},
{"type":"Feature","properties":{"featurecla":"Coastline"},"geometry":{"type":"LineString","coordinates":[[147.8957,-40.0],[147.8905,-40.0146],[148.0248,-40.172],[148.0469,-40.2128],[148.0736,-40.2408],[148.1057,-40.2621],[148.2104,-40.2337],[148.2994,-40.1725],[148.3136,-40.1735],[148.3232,-40.1444],[148.2508,-40.0995],[148.2898,-40.0654],[148.296,-40.0]]}},
{"type":"Feature","properties":{"featurecla":"Coastline"},"geometry":{"type":"LineString","coordinates":[[148.1878,-40.5926],[148.2369,-40.5151],[148.2184,-40.5051],[148.1932,-40.5031],[148.1173,-40.5215],[148.127,-40.5439],[148.1878,-40.5926]]}},
{"type":"Feature","properties":{"featurecla":"Coastline"},"geometry":{"type":"LineString","coordinates":[[73.5857,-53.0271],[73.3881,-52.9999],[73.3053,-52.9663],[73.2512,-52.9758],[73.2539,-52.9894],[73.2854,-53.0215],[73.3363,-53.0299],[73.4133,-53.1468],[73.4651,-53.1842],[73.588,-53.1846],[73.7074,-53.1371],[73.7951,-53.1299],[73.8378,-53.1128],[73.7313,-53.0912],[73.5857,-53.0271]]}},
{"type":"Feature","properties":{"featurecla":"Coastline"},"geometry":{"type":"LineString","coordinates":[[69.2206,-49.0668],[69.2824,-49.0589],[69.3212,-49.0343],[69.3947,-48.9512],[69.3688,-48.8904],[69.2664,-48.8788],[69.1672,-48.8829],[69.1501,-48.919],[69.1695,-48.957],[69.2039,-48.9912],[69.2016,-49.0343],[69.2206,-49.0668]]}},
{"type":"Feature","properties":{"featurecla":"Coastline"},"geometry":{"type":"LineString","coordinates":[[51.7419,-46.3269],[51.6593,-46.3736],[51.6966,-46.4281],[51.7617,-46.4487],[51.8346,-46.4399],[51.8154,-46.3947],[51.7842,-46.3589],[51.7419,-46.3269]]}},
{"type":"Feature","properties":{"featurecla":"Coastline"},"geometry":{"type":"LineString","coordinates":[[37.59,-46.908],[37.6118,-46.9465],[37.814,-46.9629],[37.8569,-46.9442],[37.8877,-46.9017],[37.8729,-46.8854],[37.7896,-46.8375],[37.6849,-46.824],[37.6497,-46.8489],[37.59,-46.908]]}},
{"type":"Feature","properties":{"featurecla":"Coastline"},"geometry":{"type":"LineString","coordinates":[[166.8927,-45.2405],[166.9312,-45.2769],[167.0227,-45.2998],[166.9795,-45.1797],[166.9627,-45.1804],[166.8927,-45.2405]]}},
{"type":"Feature","properties":{"featurecla":"Coastline"},"geometry":{"type":"LineString","coordinates":[[-73.6705,-40.0],[-73.6694,-40.0823],[-73.7425,-40.263],[-73.784,-40.4685],[-73.9203,-40.8716],[-73.9836,-40.9743],[-73.9659,-41.1183],[-73.8762,-41.3193],[-73.855,-41.4464],[-73.8107,-41.5175],[-73.7106,-41.5736],[-73.6239,-41.5813],[-73.625,-41.6119],[-73.6881,-41.6393],[-73.7219,-41.6925],[-73.7352,-41.7425],[-73.624,-41.7736],[-73.5213,-41.7971],[-73.2418,-41.7809],[-73.1741,-41.7466],[-73.015,-41.5438],[-72.9528,-41.5147],[-72.88,-41.5176],[-72.8051,-41.5443],[-72.6698,-41.6594],[-72.6008,-41.6841],[-72.5424,-41.6906],[-72.4277,-41.6459],[-72.3595,-41.5139],[-72.3183,-41.499],[-72.3604,-41.6491],[-72.486,-41.7221],[-72.6599,-41.7425],[-72.7437,-41.8006],[-72.7838,-41.8468],[-72.8241,-41.9088],[-72.7812,-41.9596],[-72.7382,-41.9946],[-72.624,-42.0105],[-72.4994,-41.9809],[-72.4601,-42.2066],[-72.4124,-42.3882],[-72.4303,-42.4339],[-72.5484,-42.2558],[-72.6311,-42.1998],[-72.7074,-42.2205],[-72.7732,-42.2577],[-72.7852,-42.3013],[-72.7163,-42.4104],[-72.6318,-42.5097],[-72.6548,-42.5166],[-72.7739,-42.5052],[-72.848,-42.6691],[-72.845,-42.808],[-72.766,-42.9082],[-72.7554,-42.993],[-72.758,-43.0395],[-72.878,-43.0481],[-72.9155,-43.1336],[-72.94,-43.2113],[-73.076,-43.3236],[-73.101,-43.4552],[-72.9966,-43.6315],[-73.0688,-43.862],[-73.2245,-43.8979],[-73.2407,-44.0657],[-73.2651,-44.1687],[-73.141,-44.2375],[-73.001,-44.2924],[-72.8275,-44.3954],[-72.6639,-44.4364],[-72.6801,-44.5939],[-72.739,-44.7342],[-73.0784,-44.9202],[-73.2564,-44.961],[-73.3625,-44.9782],[-73.4049,-45.1023],[-73.445,-45.2382],[-73.2264,-45.2552],[-73.0639,-45.3598],[-72.9755,-45.3926],[-72.9408,-45.4173],[-72.9338,-45.4523],[-72.9782,-45.4512],[-73.2023,-45.3538],[-73.2662,-45.3462],[-73.3786,-45.3828],[-73.5499,-45.4838],[-73.7308,-45.48],[-73.7804,-45.6279],[-73.7566,-45.7028],[-73.662,-45.7308],[-73.5943,-45.7769],[-73.5918,-45.8991],[-73.6294,-45.9865],[-73.6517,-46.1593],[-73.6682,-46.2121],[-73.6621,-46.2975],[-73.7162,-46.4152],[-73.7703,-46.4998],[-73.8454,-46.566],[-73.9437,-46.5716],[-73.9486,-46.5331],[-73.9348,-46.5007],[-73.8106,-46.3773],[-73.7082,-46.0703],[-73.7079,-45.9667],[-73.6949,-45.8596],[-73.7353,-45.8117],[-73.8125,-45.8182],[-73.8787,-45.8469],[-73.9292,-46.0499],[-73.9676,-46.1541],[-74.0897,-46.2224],[-74.2131,-46.2395],[-74.3725,-46.2463],[-74.393,-46.2174],[-74.3568,-46.2127],[-74.0815,-46.1318],[-74.0199,-46.0559],[-74.061,-45.9474],[-73.9995,-45.8953],[-73.9603,-45.8353],[-73.8823,-45.5693],[-73.8441,-45.5024],[-73.825,-45.4469],[-73.9203,-45.4077],[-73.9572,-45.4044],[-74.0375,-45.4177],[-74.0989,-45.4604],[-74.1227,-45.4962],[-74.0993,-45.6034],[-74.0825,-45.6447],[-74.0818,-45.6783],[-74.0962,-45.7168],[-74.1579,-45.7672],[-74.3012,-45.803],[-74.3691,-45.8097],[-74.4628,-45.8407],[-74.6307,-45.8447],[-74.7631,-45.8236],[-75.0667,-45.8749],[-75.0745,-46.0045],[-74.9977,-46.0977],[-74.9245,-46.1597],[-75.0749,-46.2346],[-75.247,-46.3693],[-75.376,-46.4291],[-75.4369,-46.483],[-75.6568,-46.6104],[-75.7064,-46.7053],[-75.7081,-46.775],[-75.6353,-46.8628],[-75.4966,-46.9401],[-75.4304,-46.9346],[-75.4012,-46.9057],[-75.3864,-46.8627],[-75.446,-46.7508],[-75.5276,-46.7464],[-75.5651,-46.7287],[-75.5403,-46.6987],[-75.4784,-46.6624],[-75.3374,-46.6471],[-75.1458,-46.6001],[-75.0187,-46.5105],[-74.9842,-46.5121],[-75.0525,-46.628],[-75.0314,-46.6953],[-75.006,-46.7411],[-74.8106,-46.7997],[-74.6908,-46.864],[-74.5123,-46.8852],[-74.4802,-46.8858],[-74.467,-46.8644],[-74.4894,-46.8346],[-74.4844,-46.795],[-74.4542,-46.7668],[-74.3136,-46.7882],[-74.2095,-46.8848],[-74.1519,-46.9744],[-74.2081,-47.0831],[-74.1584,-47.1825],[-74.2157,-47.2096],[-74.4033,-47.3275],[-74.4827,-47.4305],[-74.3237,-47.5314],[-74.2429,-47.5597],[-74.191,-47.5684],[-74.1341,-47.5908],[-74.152,-47.6267],[-74.243,-47.6793],[-74.3226,-47.6667],[-74.4036,-47.6004],[-74.4669,-47.5776],[-74.5338,-47.5677],[-74.5884,-47.618],[-74.6549,-47.7022],[-74.6089,-47.758],[-74.5692,-47.7729],[-74.4297,-47.7996],[-74.3762,-47.8297],[-74.3793,-47.8912],[-74.3506,-47.9443],[-74.2271,-47.9689],[-74.0848,-47.9547],[-73.9409,-47.9294],[-73.8467,-47.867],[-73.7792,-47.7385],[-73.7482,-47.6613],[-73.7159,-47.6555],[-73.6351,-47.8804],[-73.6289,-47.9415],[-73.6099,-47.9939],[-73.5696,-48.0193],[-73.501,-48.1066],[-73.3911,-48.1459],[-73.3845,-48.1773],[-73.5282,-48.1982],[-73.8538,-48.0422],[-74.2504,-48.0449],[-74.4005,-48.0131],[-74.5847,-47.999],[-74.5907,-48.1619],[-74.5772,-48.2744],[-74.4994,-48.3623],[-74.4744,-48.464],[-74.343,-48.4926],[-74.2701,-48.4546],[-74.1715,-48.4274],[-74.0091,-48.475],[-74.0569,-48.5036],[-74.1293,-48.5042],[-74.1762,-48.4941],[-74.2277,-48.517],[-74.341,-48.5957],[-74.3821,-48.7937],[-74.38,-49.0479],[-74.3582,-49.3514],[-74.3666,-49.4005],[-74.3485,-49.4263],[-74.3015,-49.464],[-74.2213,-49.5006],[-74.1846,-49.4044],[-74.1679,-49.3205],[-74.1398,-49.2505],[-74.0739,-49.1884],[-74.0613,-49.111],[-74.0277,-49.0262],[-73.935,-49.0209],[-73.9379,-49.0461],[-73.9848,-49.06],[-74.0154,-49.0909],[-74.0056,-49.158],[-74.0234,-49.2441],[-74.0492,-49.3057],[-74.0835,-49.3618],[-74.0944,-49.4297],[-73.988,-49.4909],[-73.8925,-49.5234],[-73.8364,-49.6094],[-73.8916,-49.6237],[-73.9555,-49.5931],[-74.102,-49.5554],[-74.2304,-49.5793],[-74.2908,-49.6041],[-74.3187,-49.7201],[-74.3239,-49.7834],[-74.1713,-49.9073],[-74.0733,-49.9485],[-74.0112,-49.9285],[-73.9586,-49.9947],[-74.0194,-50.0228],[-74.3337,-49.9746],[-74.4343,-50.0652],[-74.6296,-50.194],[-74.5164,-50.2656],[-74.4251,-50.3502],[-74.3741,-50.363],[-74.3056,-50.398],[-74.0311,-50.4698],[-73.9503,-50.5105],[-74.1856,-50.4854],[-74.1972,-50.6098],[-74.1641,-50.6379],[-74.0967,-50.7171],[-73.978,-50.8271],[-73.8915,-50.7827],[-73.7502,-50.5398],[-73.6799,-50.4902],[-73.6544,-50.4927],[-73.6933,-50.57],[-73.614,-50.6279],[-73.6182,-50.6512],[-73.659,-50.6507],[-73.7406,-50.6967],[-73.8246,-50.8358],[-73.8065,-50.9384],[-73.8475,-50.94],[-74.1394,-50.8178],[-74.1561,-50.7975],[-74.1902,-50.778],[-74.3314,-50.5596],[-74.3656,-50.4879],[-74.5641,-50.382],[-74.6445,-50.3609],[-74.7217,-50.4085],[-74.7759,-50.4699],[-74.7021,-50.5354],[-74.6489,-50.6185],[-74.6857,-50.662],[-74.8366,-50.6789],[-75.0947,-50.6812],[-75.0553,-50.7855],[-74.9831,-50.8811],[-74.8147,-51.0629],[-74.6901,-51.0865],[-74.5869,-51.1307],[-74.5079,-51.1496],[-74.4144,-51.1625],[-74.3323,-51.195],[-74.2105,-51.2046],[-74.1212,-51.1954],[-73.9395,-51.2663],[-73.8959,-51.3314],[-73.9298,-51.6179],[-74.0696,-51.5787],[-74.1967,-51.6806],[-74.1464,-51.7121],[-73.9732,-51.7845],[-73.8944,-51.7578],[-73.8576,-51.7899],[-73.8106,-51.8012],[-73.7526,-51.7955],[-73.6503,-51.8563],[-73.5823,-51.9604],[-73.5182,-52.041],[-73.3833,-52.07],[-73.1887,-51.9906],[-72.9284,-51.8599],[-72.6,-51.7991],[-72.5833,-51.7373],[-72.6491,-51.695],[-72.7046,-51.6779],[-72.7894,-51.6143],[-73.115,-51.5045],[-73.1634,-51.4956],[-73.197,-51.478],[-73.1688,-51.4539],[-73.1268,-51.4399],[-72.7612,-51.5732],[-72.5425,-51.7062],[-72.4896,-51.7637],[-72.4941,-51.8476],[-72.5229,-51.8909],[-72.6246,-51.9465],[-72.6248,-52.0069],[-72.6136,-52.037],[-72.5241,-52.1703],[-72.5193,-52.2171],[-72.5233,-52.2555],[-72.5329,-52.2823],[-72.5687,-52.334],[-72.6315,-52.3716],[-72.6771,-52.3847],[-72.714,-52.3567],[-72.6936,-52.3303],[-72.5834,-52.2542],[-72.5708,-52.2001],[-72.588,-52.1451],[-72.6496,-52.0999],[-72.6948,-52.0447],[-72.6955,-51.9852],[-72.7354,-51.9605],[-72.795,-51.9495],[-72.8432,-51.9611],[-72.9437,-52.0469],[-73.1374,-52.1297],[-73.2604,-52.1578],[-73.3268,-52.1659],[-73.458,-52.146],[-73.5322,-52.1531],[-73.649,-52.0777],[-73.6843,-52.0777],[-73.6854,-52.1367],[-73.7028,-52.1988],[-73.7491,-52.216],[-73.8345,-52.234],[-74.0402,-52.1592],[-74.1335,-52.1548],[-74.1949,-52.1202],[-74.2649,-52.1049],[-74.2957,-52.1179],[-74.266,-52.1713],[-74.2385,-52.2023],[-74.1766,-52.3172],[-74.1508,-52.3825],[-74.0935,-52.3763],[-74.0374,-52.4029],[-73.9999,-52.5126],[-74.0358,-52.5772],[-74.0145,-52.6394],[-73.9147,-52.6882],[-73.7108,-52.6615],[-73.5857,-52.6857],[-73.3821,-52.5951],[-73.2441,-52.624],[-73.1782,-52.5627],[-73.1838,-52.4879],[-73.1239,-52.488],[-73.0732,-52.5351],[-73.1448,-52.602],[-73.2408,-52.7071],[-73.3459,-52.7543],[-73.6452,-52.837],[-73.5075,-52.9035],[-73.4599,-52.9648],[-73.3382,-53.0547],[-73.1225,-53.0739],[-73.0555,-53.0456],[-73.023,-53.0221],[-73.0161,-52.9774],[-73.0203,-52.8918],[-72.9319,-52.7816],[-72.8019,-52.7124],[-72.766,-52.6426],[-72.7766,-52.5774],[-72.7121,-52.5355],[-72.6448,-52.5291],[-72.5044,-52.5601],[-72.4783,-52.604],[-72.4377,-52.6258],[-72.3154,-52.5386],[-72.2257,-52.521],[-71.8119,-52.537],[-71.6647,-52.5601],[-71.5113,-52.6054],[-71.5542,-52.6439],[-71.5912,-52.6607],[-71.7971,-52.6828],[-71.9793,-52.6461],[-72.1176,-52.65],[-72.4535,-52.8145],[-72.6266,-52.8176],[-72.6321,-52.7738],[-72.676,-52.749],[-72.7277,-52.7623],[-72.8319,-52.8195],[-72.8892,-52.8716],[-72.9099,-52.9365],[-72.9155,-53.122],[-72.9982,-53.1772],[-73.0527,-53.2435],[-72.9984,-53.2907],[-72.7268,-53.42],[-72.5489,-53.4607],[-72.5308,-53.3717],[-72.4926,-53.2906],[-72.4583,-53.2545],[-72.278,-53.1323],[-72.1291,-53.0644],[-71.898,-53.0018],[-71.3877,-52.7643],[-71.2271,-52.8106],[-71.1551,-52.8456],[-71.1633,-52.8881],[-71.1802,-52.9205],[-71.289,-53.0337],[-71.4003,-53.107],[-71.7405,-53.2326],[-71.7915,-53.4846],[-71.8917,-53.5235],[-71.9028,-53.4955],[-71.8673,-53.4584],[-71.8282,-53.3983],[-71.8527,-53.2857],[-71.9417,-53.2341],[-72.0812,-53.2496],[-72.2486,-53.2467],[-72.3061,-53.2537],[-72.4129,-53.3502],[-72.3982,-53.4178],[-72.3768,-53.4712],[-72.1744,-53.6323],[-72.1009,-53.6658],[-71.8719,-53.7227],[-71.6938,-53.8031],[-71.4439,-53.8409],[-71.2978,-53.8834],[-71.0828,-53.825],[-70.9959,-53.7793],[-70.9478,-53.5704],[-70.9851,-53.4483],[-70.9843,-53.3736],[-70.9521,-53.227],[-70.8212,-52.9631],[-70.8391,-52.8896],[-70.7951,-52.7687],[-70.6803,-52.7125],[-70.5629,-52.6734],[-70.391,-52.6608],[-69.9072,-52.5136],[-69.7633,-52.5056],[-69.6203,-52.4647],[-69.5606,-52.4216],[-69.4469,-52.2694],[-69.241,-52.2055],[-69.1338,-52.2114],[-69.0072,-52.2627],[-68.4434,-52.3566],[-68.3937,-52.307],[-68.4935,-52.1976],[-68.6908,-52.0131],[-68.9168,-51.7146],[-68.9653,-51.6771],[-69.0325,-51.6362],[-69.1801,-51.6623],[-69.313,-51.6011],[-69.4091,-51.6103],[-69.4654,-51.5845],[-69.3605,-51.5595],[-69.2181,-51.5612],[-69.0583,-51.5472],[-69.0353,-51.489],[-69.0296,-51.4465],[-69.0657,-51.3035],[-69.1435,-51.097],[-69.201,-50.9937],[-69.268,-51.0062],[-69.3518,-51.0458],[-69.3586,-51.0281],[-69.2352,-50.9506],[-69.155,-50.8645],[-69.1414,-50.7525],[-69.0902,-50.5831],[-69.0448,-50.4991],[-68.9395,-50.3823],[-68.7499,-50.2812],[-68.5894,-50.2252],[-68.4654,-50.1947],[-68.4219,-50.1579],[-68.4737,-50.0914],[-68.5326,-50.0361],[-68.5979,-50.0095],[-68.7527,-49.9877],[-68.9796,-50.003],[-68.913,-49.9688],[-68.6616,-49.9357],[-68.6385,-49.863],[-68.6727,-49.7935],[-68.6676,-49.7525],[-68.5693,-49.867],[-68.4879,-49.9779],[-68.4046,-50.0427],[-68.2572,-50.1046],[-68.1457,-50.0914],[-67.914,-49.9845],[-67.826,-49.9196],[-67.7835,-49.8589],[-67.662,-49.3422],[-67.6937,-49.304],[-67.6849,-49.2467],[-67.4663,-48.9518],[-67.2633,-48.8143],[-67.131,-48.6879],[-67.0331,-48.6277],[-66.7828,-48.5229],[-66.5963,-48.4195],[-66.3934,-48.3424],[-66.0172,-48.0843],[-65.9434,-48.0193],[-65.9122,-47.9768],[-65.8101,-47.9411],[-65.8637,-47.8532],[-65.9342,-47.8268],[-66.0974,-47.8532],[-66.1724,-47.8576],[-66.2252,-47.8268],[-66.0406,-47.7833],[-65.8863,-47.7016],[-65.8143,-47.6382],[-65.7754,-47.5684],[-65.7381,-47.3449],[-65.7691,-47.2567],[-65.8537,-47.1567],[-65.9985,-47.0938],[-66.6504,-47.0453],[-66.7769,-47.0059],[-67.3866,-46.5538],[-67.5064,-46.4428],[-67.5634,-46.3454],[-67.5861,-46.2695],[-67.6089,-46.1668],[-67.5996,-46.0525],[-67.5566,-45.9701],[-67.393,-45.7756],[-67.2576,-45.5772],[-66.9414,-45.2573],[-66.8825,-45.2276],[-66.5851,-45.1829],[-66.5334,-45.1578],[-66.4936,-45.1176],[-66.3478,-45.0336],[-66.1901,-44.9647],[-65.7577,-45.0071],[-65.6388,-45.0078],[-65.6057,-44.945],[-65.5991,-44.8756],[-65.6983,-44.7962],[-65.6476,-44.6614],[-65.3613,-44.4773],[-65.2898,-44.3607],[-65.2655,-44.2797],[-65.3084,-44.1582],[-65.2386,-44.0487],[-65.3047,-43.7875],[-65.2836,-43.63],[-65.2523,-43.5719],[-65.1897,-43.5221],[-64.9855,-43.2936],[-64.8399,-43.1889],[-64.7152,-43.1355],[-64.4322,-43.0592],[-64.3757,-43.0246],[-64.3191,-42.9689],[-64.3804,-42.9492],[-64.4416,-42.9507],[-64.6292,-42.909],[-65.0269,-42.7589],[-64.9707,-42.6663],[-64.812,-42.6332],[-64.6505,-42.5314],[-64.4878,-42.5135],[-64.3243,-42.5723],[-64.2479,-42.6461],[-64.2199,-42.7556],[-64.1307,-42.8614],[-64.0348,-42.8813],[-63.6925,-42.8053],[-63.6445,-42.7457],[-63.6173,-42.6958],[-63.5944,-42.5556],[-63.5959,-42.4065],[-63.6299,-42.2827],[-63.6848,-42.1887],[-63.7295,-42.1529],[-63.7956,-42.1139],[-63.8929,-42.1246],[-64.0833,-42.1828],[-64.2285,-42.2183],[-64.2529,-42.2508],[-64.0612,-42.2661],[-64.0622,-42.3534],[-64.1009,-42.3951],[-64.2646,-42.4217],[-64.4204,-42.4338],[-64.571,-42.416],[-64.5741,-42.356],[-64.5242,-42.2992],[-64.5117,-42.2702],[-64.5377,-42.2546],[-64.6225,-42.261],[-64.6995,-42.2208],[-64.898,-42.1618],[-64.9864,-42.1021],[-65.0591,-41.9699],[-65.007,-41.7451],[-65.0183,-41.5669],[-65.1279,-41.2388],[-65.155,-41.1057],[-65.1519,-40.947],[-65.1334,-40.8807],[-65.0694,-40.8053],[-64.9169,-40.7313],[-64.8695,-40.7358],[-64.8044,-40.7565],[-64.8199,-40.7933],[-64.853,-40.8138],[-64.6215,-40.8545],[-64.3834,-40.9225],[-64.1232,-41.0078],[-63.773,-41.15],[-63.6218,-41.1598],[-63.2128,-41.1524],[-62.959,-41.1097],[-62.798,-41.0472],[-62.395,-40.8908],[-62.3019,-40.8146],[-62.2463,-40.6746],[-62.3936,-40.4588],[-62.427,-40.356],[-62.4019,-40.1966],[-62.3396,-40.0]]}},
{"type":"Feature","properties":{"featurecla":"Coastline"},"geometry":{"type":"LineString","coordinates":[[-180.0,-84.3516],[-178.3895,-84.3375],[-178.069,-84.3523],[-177.7304,-84.3952],[-176.9855,-84.3993],[-176.289,-84.4184],[-176.1074,-84.4753],[-175.8746,-84.5104],[-175.381,-84.4798],[-174.9867,-84.4654],[-174.6632,-84.4627],[-171.7037,-84.5424],[-168.6678,-84.6836],[-168.0486,-84.7286],[-167.4922,-84.8337],[-166.9111,-84.8192],[-163.4637,-84.9009],[-162.9334,-84.9012],[-160.8209,-84.9866],[-157.1275,-85.1856],[-156.8103,-85.1922],[-156.4591,-85.186],[-156.6428,-85.0794],[-156.9883,-84.9822],[-157.4539,-84.9124],[-157.1496,-84.8913],[-156.4896,-84.8893],[-156.621,-84.8396],[-156.9863,-84.8111],[-158.3034,-84.778],[-163.5685,-84.5287],[-163.6854,-84.5131],[-163.759,-84.4928],[-163.897,-84.4704],[-164.1142,-84.4454],[-164.9168,-84.4313],[-165.1354,-84.4099],[-165.2404,-84.3812],[-165.1848,-84.3695],[-165.1251,-84.3746],[-163.8992,-84.3526],[-163.7652,-84.3242],[-163.7576,-84.3055],[-163.8214,-84.2905],[-164.0321,-84.274],[-164.5283,-84.191],[-164.6851,-84.1546],[-164.6028,-84.0967],[-164.5025,-84.0716],[-164.1239,-84.0535],[-164.0113,-84.0156],[-164.0829,-83.9461],[-164.9509,-83.8059],[-165.5363,-83.7566],[-165.9218,-83.7902],[-166.6495,-83.792],[-167.5529,-83.8108],[-167.8012,-83.7908],[-168.0527,-83.7354],[-168.3474,-83.6368],[-168.4973,-83.6113],[-168.785,-83.5293],[-169.1677,-83.4498],[-171.1878,-83.2564],[-171.5394,-83.2037],[-174.066,-82.9001],[-174.172,-82.8478],[-174.2359,-82.7935],[-173.0711,-82.9158],[-172.8515,-82.9168],[-172.5929,-82.8842],[-172.392,-82.8931],[-172.1244,-82.8624],[-171.8213,-82.8475],[-171.0313,-82.943],[-169.4408,-83.096],[-169.0161,-83.1503],[-168.7901,-83.1879],[-168.6038,-83.2016],[-168.4177,-83.2288],[-168.191,-83.2133],[-168.0547,-83.2266],[-167.7243,-83.2174],[-166.2169,-83.2008],[-165.6192,-83.2155],[-164.9156,-83.29],[-164.6443,-83.4125],[-164.4456,-83.4677],[-164.0584,-83.4247],[-163.7334,-83.373],[-163.1111,-83.3291],[-162.9121,-83.3471],[-162.5742,-83.4106],[-162.1973,-83.5189],[-160.5947,-83.4896],[-159.9235,-83.4947],[-159.4444,-83.5432],[-157.6993,-83.3812],[-157.4285,-83.3464],[-157.0278,-83.2344],[-157.3558,-83.1984],[-157.5892,-83.1874],[-157.6795,-83.1295],[-157.5219,-83.1066],[-157.0183,-83.0752],[-156.037,-83.0269],[-155.4594,-82.9808],[-155.1502,-82.8584],[-153.8223,-82.6693],[-153.3986,-82.5862],[-153.0099,-82.4496],[-153.8826,-82.1766],[-154.7174,-81.9407],[-154.4515,-81.8676],[-154.1885,-81.8105],[-154.0614,-81.7654],[-153.9566,-81.7002],[-154.2321,-81.6232],[-154.4852,-81.5662],[-154.9078,-81.5104],[-156.4926,-81.377],[-157.0325,-81.3191],[-156.8151,-81.231],[-156.5282,-81.1623],[-155.9211,-81.1334],[-152.0348,-81.029],[-148.1228,-80.9008],[-148.0234,-80.8357],[-148.543,-80.7601],[-148.9842,-80.7415],[-149.1472,-80.7187],[-149.2074,-80.6704],[-149.2141,-80.6042],[-149.2644,-80.5931],[-149.4286,-80.5862],[-150.1328,-80.5104],[-150.2817,-80.4805],[-150.5161,-80.4095],[-150.5754,-80.3537],[-150.4354,-80.211],[-150.2207,-80.15],[-149.8454,-80.1177],[-149.5776,-80.106],[-148.7661,-80.1081],[-148.448,-80.0905],[-148.3171,-80.071],[-148.3398,-80.0027],[-148.4303,-79.9713],[-148.4335,-79.9295],[-148.2964,-79.9065],[-148.1293,-79.9077],[-148.083,-79.8567],[-148.1765,-79.7759],[-148.4175,-79.7314],[-149.0514,-79.6569],[-150.4906,-79.5456],[-151.0484,-79.4597],[-151.3683,-79.3934],[-151.6361,-79.3177],[-151.9036,-79.2806],[-152.0914,-79.2416],[-152.0534,-79.1928],[-152.1377,-79.1159],[-152.2435,-79.1027],[-152.7014,-79.1349],[-153.5176,-79.1173],[-154.5177,-79.0466],[-155.2099,-78.9648],[-156.1146,-78.7446],[-156.4693,-78.6354],[-156.2079,-78.5587],[-155.9198,-78.5104],[-154.7164,-78.3981],[-154.5376,-78.3589],[-154.293,-78.2591],[-154.6951,-78.217],[-155.0366,-78.2208],[-155.3415,-78.192],[-156.5692,-78.1861],[-157.2668,-78.1998],[-157.848,-78.0739],[-158.2859,-77.9508],[-158.4069,-77.8878],[-158.5004,-77.7783],[-158.3514,-77.6148],[-158.23,-77.4977],[-158.2465,-77.3543],[-158.2136,-77.1571],[-158.0031,-77.0912],[-157.842,-77.0792],[-157.4654,-77.2313],[-157.1393,-77.2421],[-156.6677,-77.213],[-156.3682,-77.1348],[-156.2112,-77.1057],[-155.9196,-77.098],[-155.3588,-77.1333],[-155.1018,-77.1195],[-154.8149,-77.127],[-153.91,-77.227],[-153.7126,-77.2742],[-153.6061,-77.3102],[-153.573,-77.3631],[-153.4606,-77.416],[-153.077,-77.4425],[-151.9984,-77.4126],[-151.719,-77.4259],[-150.9564,-77.5735],[-150.3056,-77.7314],[-150.0843,-77.771],[-149.7177,-77.7975],[-149.5885,-77.7742],[-149.474,-77.7148],[-149.126,-77.6427],[-148.3399,-77.5512],[-148.1557,-77.4623],[-148.2598,-77.4126],[-148.5593,-77.3613],[-148.7444,-77.3433],[-148.8436,-77.2837],[-148.839,-77.2023],[-148.7775,-77.125],[-148.5724,-77.1051],[-148.1963,-77.2113],[-147.7302,-77.3098],[-147.5664,-77.3253],[-147.4423,-77.3207],[-147.2072,-77.2858],[-146.9276,-77.2599],[-146.3906,-77.4725],[-146.0736,-77.4867],[-145.6771,-77.4881],[-145.6006,-77.4553],[-145.6497,-77.3983],[-145.7138,-77.3384],[-145.7943,-77.33],[-145.808,-77.2732],[-145.6346,-77.2213],[-145.5157,-77.1992],[-145.5632,-77.1617],[-145.7531,-77.1033],[-145.8643,-77.0941],[-145.967,-77.0687],[-145.9339,-77.029],[-145.8063,-77.0121],[-145.6292,-76.9537],[-145.6857,-76.8845],[-145.6757,-76.7967],[-145.7505,-76.749],[-146.1665,-76.6576],[-146.7767,-76.507],[-147.3404,-76.4384],[-148.6011,-76.4933],[-149.0459,-76.458],[-149.3396,-76.4189],[-149.6542,-76.3653],[-149.285,-76.3112],[-148.8948,-76.2718],[-148.7804,-76.2383],[-148.6318,-76.168],[-148.459,-76.118],[-148.3203,-76.1045],[-147.8602,-76.1309],[-146.8173,-76.3181],[-146.5974,-76.3378],[-145.8857,-76.4243],[-145.6869,-76.4288],[-145.4421,-76.4092],[-145.6423,-76.3257],[-145.8604,-76.2666],[-146.383,-76.0997],[-146.3235,-76.0203],[-145.9877,-75.8888],[-145.1055,-75.8789],[-144.7213,-75.8321],[-144.2206,-75.7314],[-143.5743,-75.5636],[-143.0222,-75.5435],[-142.3298,-75.4909],[-142.0942,-75.5298],[-141.5057,-75.6904],[-141.1346,-75.746],[-141.009,-75.7508],[-140.8743,-75.7459],[-141.2233,-75.5459],[-140.9987,-75.52],[-140.7093,-75.4977],[-140.471,-75.4473],[-140.2938,-75.4059],[-139.6912,-75.2128],[-139.1488,-75.1602],[-137.6182,-75.0756],[-137.0901,-75.1526],[-136.6499,-75.1617],[-136.5495,-75.1395],[-136.4619,-75.0358],[-136.2278,-74.836],[-136.0301,-74.7653],[-135.3621,-74.6904],[-134.8404,-74.6941],[-134.4651,-74.7762],[-134.1171,-74.8297],[-133.7963,-74.8546],[-133.4749,-74.8519],[-132.9916,-74.8062],[-132.3513,-74.7894],[-132.0494,-74.7657],[-131.7065,-74.8109],[-130.8575,-74.826],[-130.1956,-74.8906],[-129.7908,-74.8914],[-129.2383,-74.8289],[-128.9406,-74.8202],[-127.8634,-74.7192],[-127.0202,-74.6979],[-126.384,-74.7426],[-125.3534,-74.7146],[-124.3125,-74.7357],[-123.8895,-74.773],[-121.5439,-74.75],[-119.677,-74.6546],[-119.4222,-74.6216],[-119.0224,-74.5179],[-118.8029,-74.4223],[-118.6558,-74.3928],[-118.342,-74.3815],[-117.8062,-74.4029],[-117.0683,-74.4732],[-116.433,-74.4471],[-115.2226,-74.4874],[-115.1052,-74.4551],[-114.991,-74.275],[-114.791,-73.9886],[-114.6237,-73.9029],[-114.3459,-73.925],[-113.5085,-74.0889],[-113.4894,-74.1584],[-113.5747,-74.2079],[-113.7136,-74.2277],[-113.7533,-74.3667],[-113.6408,-74.4063],[-113.4542,-74.3942],[-113.333,-74.4542],[-113.5973,-74.5588],[-113.7831,-74.6182],[-113.9035,-74.6444],[-113.9848,-74.843],[-114.0972,-74.9091],[-114.1104,-74.9818],[-113.9318,-74.9818],[-113.7525,-74.9521],[-113.5934,-74.9437],[-113.0915,-74.8917],[-112.17,-74.8322],[-111.8682,-74.8012],[-111.6962,-74.7922],[-111.5844,-74.7509],[-111.7387,-74.6534],[-111.7887,-74.5717],[-111.6959,-74.5041],[-111.7223,-74.3866],[-111.8063,-74.2697],[-111.63,-74.1814],[-111.4668,-74.2008],[-111.1802,-74.1881],[-111.0198,-74.2305],[-110.7704,-74.2689],[-110.5339,-74.2889],[-110.3071,-74.3667],[-110.2298,-74.5363],[-110.3004,-74.7106],[-110.5319,-74.8363],[-110.9676,-74.9513],[-111.4631,-75.1334],[-111.3588,-75.2199],[-111.1042,-75.1908],[-109.99,-75.1991],[-109.2722,-75.1851],[-108.8223,-75.2066],[-108.2545,-75.2525],[-107.8047,-75.3216],[-107.2668,-75.3345],[-106.9321,-75.3094],[-106.6188,-75.3439],[-105.3994,-75.1977],[-104.9019,-75.1151],[-104.6178,-75.1562],[-104.1597,-75.1207],[-103.9013,-75.1525],[-103.4249,-75.1013],[-103.121,-75.0952],[-102.7713,-75.117],[-101.7081,-75.1273],[-101.6278,-75.2218],[-101.3037,-75.3658],[-101.0394,-75.4219],[-100.7063,-75.3981],[-100.4634,-75.3534],[-100.0828,-75.3704],[-99.5313,-75.309],[-98.9802,-75.3274],[-98.7523,-75.3171],[-98.6457,-75.2771],[-98.5579,-75.1897],[-98.7272,-75.1408],[-99.2082,-75.0785],[-99.6519,-74.9488],[-99.8486,-74.9217],[-100.1641,-74.9379],[-100.313,-74.9144],[-100.4733,-74.8724],[-100.2649,-74.8229],[-100.0127,-74.6621],[-100.1186,-74.515],[-100.2381,-74.4842],[-100.5309,-74.4889],[-100.8818,-74.5411],[-101.0231,-74.505],[-101.2517,-74.4857],[-101.3428,-74.3501],[-101.5867,-74.0964],[-101.7154,-74.0237],[-102.1051,-73.9577],[-102.4408,-73.9258],[-102.7665,-73.8838],[-102.8627,-73.7836],[-102.7995,-73.6457],[-102.4106,-73.6164],[-102.0366,-73.6306],[-101.8284,-73.6555],[-101.5874,-73.6668],[-101.3107,-73.6952],[-101.1302,-73.7349],[-100.9854,-73.7572],[-100.7178,-73.7578],[-99.7811,-73.7201],[-99.6562,-73.6941],[-99.541,-73.6451],[-99.3434,-73.6342],[-99.1619,-73.6408],[-98.8961,-73.6111],[-99.2003,-73.571],[-99.5279,-73.4951],[-100.0208,-73.4025],[-100.4364,-73.3531],[-101.1895,-73.3179],[-101.5737,-73.3296],[-101.816,-73.3112],[-102.675,-73.3209],[-102.9088,-73.2852],[-103.0762,-73.1846],[-103.3077,-72.9453],[-103.375,-72.8188],[-103.2166,-72.7721],[-103.1101,-72.7212],[-102.8559,-72.7162],[-102.4848,-72.7356],[-102.3629,-72.7602],[-102.272,-72.835],[-102.3629,-72.9114],[-102.482,-72.9512],[-102.4093,-72.9874],[-102.0289,-72.9981],[-101.8415,-73.0209],[-101.6812,-73.0299],[-101.3318,-72.9954],[-100.8205,-72.9812],[-100.5636,-73.0155],[-100.2588,-73.0413],[-99.8107,-72.9999],[-98.2086,-73.0223],[-98.0124,-73.0332],[-97.8185,-73.1018],[-97.651,-73.1444],[-97.4765,-73.1263],[-96.9558,-73.2064],[-96.6758,-73.2686],[-96.3942,-73.3012],[-96.1521,-73.3093],[-95.8806,-73.2938],[-95.5292,-73.2414],[-95.2366,-73.2201],[-95.0296,-73.239],[-94.5865,-73.2495],[-94.2462,-73.313],[-93.9847,-73.2867],[-93.706,-73.215],[-92.8284,-73.1646],[-92.241,-73.1784],[-91.1687,-73.307],[-90.9209,-73.3191],[-90.4309,-73.2433],[-90.2738,-73.1187],[-90.2954,-72.9779],[-90.1524,-72.9445],[-90.0352,-72.9602],[-89.8177,-72.8626],[-89.5224,-72.8709],[-89.3413,-72.8896],[-89.2294,-72.8258],[-89.1271,-72.6932],[-88.78,-72.683],[-88.5269,-72.7023],[-88.1941,-72.7875],[-88.1945,-72.8586],[-88.3317,-72.9344],[-88.5607,-73.1207],[-88.4194,-73.229],[-88.205,-73.2195],[-87.9363,-73.2409],[-87.6084,-73.1945],[-87.401,-73.192],[-87.0379,-73.3539],[-86.791,-73.3637],[-86.6021,-73.3537],[-85.9808,-73.2085],[-85.8014,-73.1921],[-85.5822,-73.259],[-85.2606,-73.4133],[-84.9812,-73.5021],[-84.5713,-73.5567],[-84.2142,-73.5728],[-83.7963,-73.6451],[-83.5648,-73.706],[-83.0419,-73.7072],[-82.8152,-73.7323],[-82.1835,-73.8568],[-81.6061,-73.7957],[-81.3087,-73.7383],[-81.1632,-73.6324],[-81.236,-73.4737],[-81.2624,-73.3149],[-81.1764,-73.2488],[-81.0243,-73.2355],[-80.3364,-73.4142],[-80.3798,-73.3081],[-80.4388,-73.225],[-80.6142,-73.0834],[-80.5877,-72.9776],[-80.4422,-72.9445],[-80.1518,-73.0001],[-79.808,-73.0281],[-79.5217,-73.0896],[-78.9637,-73.3124],[-78.7862,-73.5067],[-78.4079,-73.5558],[-78.1441,-73.5471],[-77.8456,-73.515],[-77.444,-73.488],[-77.1355,-73.4958],[-76.8505,-73.4604],[-76.7645,-73.5663],[-77.033,-73.7185],[-77.1349,-73.8177],[-77.0489,-73.8441],[-76.8875,-73.8205],[-76.755,-73.7895],[-76.2912,-73.8054],[-75.9162,-73.7364],[-75.595,-73.7112],[-75.2931,-73.6388],[-75.0436,-73.6451],[-74.8555,-73.658],[-74.594,-73.7152],[-74.3453,-73.6839],[-74.1973,-73.6955],[-73.996,-73.6998],[-72.9292,-73.4479],[-72.6874,-73.4523],[-72.3808,-73.4384],[-71.9942,-73.3792],[-71.6976,-73.353],[-71.4527,-73.3545],[-71.0172,-73.2628],[-70.3227,-73.274],[-69.9686,-73.2265],[-69.2822,-73.1696],[-68.8209,-73.1055],[-68.0003,-72.9355],[-67.6671,-72.8346],[-67.3067,-72.6111],[-67.0795,-72.3876],[-66.8277,-72.0904],[-66.9517,-71.8973],[-67.0841,-71.8122],[-67.1958,-71.7189],[-67.4604,-71.5268],[-67.5299,-71.2846],[-67.5046,-71.0578],[-67.5984,-70.8446],[-67.6922,-70.6861],[-67.8885,-70.4217],[-68.1257,-70.2499],[-68.4033,-70.0197],[-68.4037,-69.8092],[-68.4698,-69.6438],[-68.6375,-69.5264],[-68.708,-69.4322],[-68.58,-69.4127],[-68.4615,-69.384],[-68.1409,-69.3476],[-67.3718,-69.4123],[-67.3043,-69.3176],[-67.1104,-69.248],[-66.9749,-69.161],[-67.0212,-69.0287],[-67.1876,-68.9744],[-67.3905,-68.8612],[-67.299,-68.7707],[-67.1337,-68.7707],[-67.0543,-68.6715],[-67.1169,-68.5748],[-67.041,-68.4531],[-66.8935,-68.2977],[-66.7934,-68.2404],[-66.9776,-68.1468],[-67.1499,-68.0246],[-67.1067,-67.9301],[-67.0213,-67.8314],[-66.9154,-67.6926],[-66.7699,-67.5934],[-66.6772,-67.5603],[-66.705,-67.5271],[-66.9231,-67.4916],[-67.1243,-67.4851],[-67.4869,-67.547],[-67.5445,-67.5347],[-67.5647,-67.5029],[-67.5858,-67.4352],[-67.5504,-67.2692],[-67.4934,-67.1128],[-67.4405,-67.0907],[-67.299,-67.0708],[-67.1602,-66.9518],[-67.0345,-66.9451],[-66.9551,-66.9848],[-66.9286,-67.1436],[-66.8861,-67.18],[-66.9021,-67.256],[-66.836,-67.2824],[-66.7573,-67.2325],[-66.61,-67.2086],[-66.5516,-67.2626],[-66.4987,-67.2891],[-66.4722,-67.2428],[-66.491,-67.1143],[-66.5151,-67.0625],[-66.5333,-66.9793],[-66.5021,-66.9401],[-66.4647,-66.8752],[-66.5268,-66.7407],[-66.5036,-66.6898],[-66.3709,-66.6089],[-66.3065,-66.592],[-66.1819,-66.5925],[-65.9538,-66.6456],[-65.8475,-66.6498],[-65.7664,-66.6249],[-65.718,-66.5732],[-65.6785,-66.4027],[-65.7758,-66.3426],[-65.7745,-66.288],[-65.7175,-66.2545],[-65.6173,-66.1353],[-65.4651,-66.1293],[-65.3164,-66.1398],[-65.172,-66.1168],[-65.2221,-66.0685],[-65.2675,-65.9942],[-65.1051,-65.9579],[-64.9987,-65.9463],[-64.7217,-65.9928],[-64.6135,-66.019],[-64.5143,-65.9596],[-64.5474,-65.9],[-64.6532,-65.8669],[-64.673,-65.8141],[-64.6466,-65.7479],[-64.4746,-65.781],[-64.4354,-65.7684],[-64.39,-65.7085],[-64.4168,-65.6799],[-64.4389,-65.6406],[-64.2135,-65.6329],[-64.18,-65.6174],[-64.1322,-65.5705],[-64.0659,-65.5537],[-63.8622,-65.556],[-63.8181,-65.5315],[-63.7979,-65.4804],[-63.908,-65.4674],[-64.0513,-65.4172],[-64.0711,-65.2782],[-64.038,-65.179],[-63.9124,-65.0931],[-63.7603,-65.0335],[-63.4821,-65.085],[-63.2642,-65.0731],[-63.1781,-65.1261],[-63.0591,-65.1394],[-63.0326,-65.0798],[-63.0857,-65.0279],[-63.1199,-64.9425],[-62.7747,-64.8417],[-62.6645,-64.8575],[-62.5275,-64.8334],[-62.5762,-64.7557],[-62.5035,-64.6564],[-62.4042,-64.6433],[-62.3381,-64.7292],[-62.2433,-64.7469],[-62.1396,-64.7268],[-61.8825,-64.6254],[-61.7564,-64.6099],[-61.6318,-64.6047],[-61.5005,-64.5456],[-61.47,-64.4756],[-61.3959,-64.4271],[-61.1736,-64.3625],[-61.0821,-64.3147],[-60.8866,-64.1497],[-60.9221,-64.1079],[-60.8642,-64.0734],[-60.2772,-63.9239],[-59.9898,-63.9096],[-59.5102,-63.8207],[-59.2176,-63.7139],[-59.0364,-63.6703],[-58.8721,-63.5519],[-58.6735,-63.5344],[-58.2156,-63.4513],[-57.8681,-63.3188],[-57.3896,-63.2263],[-57.1683,-63.2348],[-57.0767,-63.2625],[-57.0207,-63.3729],[-56.9273,-63.5056],[-56.7818,-63.5717],[-56.8348,-63.6313],[-56.9737,-63.6246],[-57.1192,-63.6378],[-57.1522,-63.5717],[-57.0977,-63.5235],[-57.1522,-63.4791],[-57.2839,-63.4906],[-57.4606,-63.5136],[-57.5815,-63.5466],[-57.7369,-63.6166],[-57.8567,-63.6568],[-58.263,-63.7634],[-58.5319,-63.9154],[-58.7229,-64.0774],[-58.839,-64.1868],[-59.0053,-64.1949],[-59.0473,-64.2345],[-58.9772,-64.2659],[-58.923,-64.2793],[-58.7993,-64.2927],[-58.8191,-64.339],[-58.9051,-64.3521],[-58.8955,-64.3889],[-58.8059,-64.4448],[-58.7861,-64.5242],[-58.8919,-64.5374],[-59.0507,-64.4514],[-59.2294,-64.4436],[-59.3697,-64.4035],[-59.4607,-64.3456],[-59.5468,-64.3588],[-59.6122,-64.4401],[-59.5732,-64.5308],[-59.646,-64.5837],[-59.7344,-64.5589],[-59.765,-64.4514],[-59.8502,-64.4336],[-59.9631,-64.4313],[-60.2425,-64.5469],[-60.3405,-64.5506],[-60.3937,-64.6094],[-60.556,-64.6766],[-60.66,-64.7292],[-60.9154,-64.9068],[-61.0599,-64.9813],[-61.3318,-65.0238],[-61.4395,-65.0177],[-61.503,-64.9997],[-61.6032,-64.9878],[-61.7031,-64.9872],[-61.7362,-65.0335],[-61.5774,-65.1856],[-61.6634,-65.2386],[-61.8556,-65.2354],[-61.9479,-65.1923],[-62.0245,-65.2325],[-62.0847,-65.2732],[-62.1453,-65.3317],[-62.0537,-65.4568],[-61.9034,-65.5135],[-61.7957,-65.5229],[-61.756,-65.5692],[-61.9914,-65.5892],[-62.1506,-65.6988],[-62.2224,-65.775],[-62.305,-65.8404],[-62.2933,-65.9164],[-62.1691,-66.0313],[-62.005,-66.1129],[-61.8391,-66.1195],[-61.6248,-66.0947],[-61.5747,-66.0715],[-61.3591,-66.0588],[-61.2661,-65.98],[-61.1981,-65.9745],[-61.1376,-65.9887],[-61.0393,-65.992],[-60.9881,-65.9402],[-60.9128,-65.9209],[-60.813,-65.9341],[-60.6183,-65.9331],[-60.5654,-65.9794],[-60.6249,-66.0323],[-60.744,-66.1051],[-60.8564,-66.0653],[-60.9557,-66.072],[-61.0093,-66.1105],[-60.9027,-66.191],[-60.9424,-66.2638],[-61.0284,-66.3365],[-61.1343,-66.2902],[-61.1498,-66.2117],[-61.293,-66.1646],[-61.4319,-66.1447],[-61.5261,-66.2257],[-61.6756,-66.2495],[-61.6965,-66.3432],[-61.756,-66.4292],[-61.842,-66.4027],[-61.8754,-66.2961],[-62.1165,-66.209],[-62.2413,-66.1971],[-62.4941,-66.2193],[-62.5828,-66.2175],[-62.682,-66.2373],[-62.7548,-66.3102],[-62.6503,-66.3637],[-62.6154,-66.4357],[-62.6179,-66.4896],[-62.6375,-66.5111],[-62.6551,-66.5561],[-62.5432,-66.621],[-62.5365,-66.707],[-62.6289,-66.7062],[-62.7048,-66.6801],[-62.9967,-66.4528],[-63.1795,-66.3525],[-63.2575,-66.2638],[-63.4485,-66.2438],[-63.5866,-66.2417],[-63.7525,-66.2777],[-63.6875,-66.3198],[-63.6544,-66.3829],[-63.7557,-66.409],[-63.8804,-66.506],[-63.9644,-66.5888],[-64.015,-66.6066],[-64.0777,-66.6541],[-63.8088,-66.7609],[-63.769,-66.8032],[-63.7547,-66.8729],[-63.8396,-66.912],[-64.0426,-66.9272],[-64.401,-66.8533],[-64.554,-66.8518],[-64.6069,-66.7996],[-64.6863,-66.8063],[-64.7354,-66.8941],[-64.7934,-66.972],[-64.8781,-67.0245],[-64.8541,-67.1048],[-64.7855,-67.1237],[-64.8387,-67.1561],[-64.9509,-67.1832],[-65.0269,-67.2141],[-64.8583,-67.2428],[-64.8265,-67.2691],[-64.8193,-67.3073],[-65.0796,-67.3354],[-65.2485,-67.342],[-65.3501,-67.3109],[-65.4431,-67.3262],[-65.5031,-67.3772],[-65.5234,-67.4446],[-65.5039,-67.5282],[-65.4708,-67.5879],[-65.4468,-67.6102],[-65.4181,-67.6596],[-65.574,-67.7884],[-65.5893,-67.8163],[-65.6,-67.8757],[-65.5278,-67.93],[-65.4694,-68.0095],[-65.5512,-68.0483],[-65.6395,-68.1306],[-65.5462,-68.1467],[-65.3875,-68.1504],[-65.218,-68.14],[-64.9588,-68.0676],[-64.8847,-68.0563],[-64.8535,-68.0831],[-64.8295,-68.1274],[-64.8959,-68.1684],[-65.3652,-68.2875],[-65.452,-68.3367],[-65.3314,-68.3642],[-65.0897,-68.3702],[-64.9965,-68.4078],[-65.0545,-68.4493],[-65.1401,-68.4893],[-65.2416,-68.5832],[-65.1583,-68.618],[-64.8983,-68.6733],[-64.4289,-68.7461],[-64.0785,-68.7712],[-64.1568,-68.6869],[-64.1692,-68.5825],[-63.9245,-68.4977],[-63.7965,-68.4697],[-63.2166,-68.4188],[-63.0565,-68.4207],[-62.9333,-68.4426],[-62.9797,-68.4863],[-63.1147,-68.4706],[-63.3475,-68.4994],[-63.7073,-68.5922],[-63.7734,-68.6318],[-63.747,-68.7046],[-63.4427,-68.7642],[-63.3435,-68.8104],[-63.4782,-68.9512],[-63.456,-69.0419],[-63.3015,-69.141],[-63.0944,-69.253],[-62.9941,-69.3289],[-62.8397,-69.3719],[-62.5868,-69.4772],[-62.4505,-69.5844],[-62.4071,-69.8272],[-62.2024,-70.0279],[-61.9611,-70.1201],[-61.9346,-70.1995],[-62.014,-70.2789],[-62.2179,-70.2332],[-62.3315,-70.2789],[-62.3778,-70.3648],[-62.2323,-70.4244],[-62.0008,-70.4972],[-61.5047,-70.4905],[-61.4914,-70.5699],[-61.6053,-70.6167],[-61.6965,-70.6758],[-61.8089,-70.7088],[-61.9941,-70.7286],[-62.0404,-70.8014],[-61.9611,-70.9006],[-61.7021,-70.8567],[-61.5134,-70.8512],[-61.3128,-70.8676],[-61.2517,-71.0022],[-61.0172,-71.1669],[-60.9623,-71.2446],[-61.0031,-71.3193],[-61.1484,-71.3419],[-61.2373,-71.4006],[-61.3693,-71.4523],[-61.5159,-71.4791],[-61.7896,-71.616],[-61.9096,-71.6309],[-61.9588,-71.6578],[-61.7254,-71.6726],[-61.5628,-71.6753],[-61.2136,-71.5641],[-61.0813,-71.5886],[-60.9953,-71.6613],[-60.949,-71.7473],[-61.0351,-71.82],[-61.6445,-71.8629],[-61.9389,-71.9036],[-62.2566,-72.0176],[-61.894,-72.071],[-61.628,-72.0527],[-61.4927,-72.0727],[-61.3103,-72.1127],[-61.1075,-72.0915],[-60.9518,-72.0502],[-60.8332,-72.0516],[-60.7194,-72.0727],[-60.7043,-72.1441],[-60.6911,-72.2698],[-60.6646,-72.3625],[-60.7303,-72.426],[-61.0475,-72.4705],[-61.2798,-72.4683],[-61.2861,-72.6008],[-60.9392,-72.6997],[-60.7241,-72.6469],[-60.5323,-72.6733],[-60.5323,-72.8321],[-60.3847,-73.0073],[-60.2545,-73.0173],[-60.1487,-72.9379],[-60.0098,-72.9379],[-59.9568,-73.0306],[-60.0164,-73.1893],[-60.1222,-73.2753],[-60.4038,-73.2402],[-60.5607,-73.2114],[-60.6866,-73.271],[-60.8959,-73.3204],[-61.0813,-73.3282],[-61.2421,-73.2503],[-61.4284,-73.1914],[-61.7264,-73.1607],[-62.0083,-73.1477],[-61.9147,-73.2157],[-61.7876,-73.2549],[-61.7377,-73.3755],[-61.637,-73.5002],[-61.4055,-73.4671],[-61.0798,-73.5387],[-60.8789,-73.612],[-60.7903,-73.7118],[-60.9027,-73.8706],[-61.0883,-73.9295],[-61.2034,-73.9566],[-61.4041,-73.896],[-61.5454,-73.896],[-61.6917,-73.9238],[-61.7416,-73.9962],[-61.8382,-74.032],[-61.3194,-74.0359],[-61.1607,-74.0558],[-61.0416,-74.122],[-61.2269,-74.2079],[-61.5708,-74.1947],[-61.7183,-74.2281],[-61.8428,-74.2896],[-61.3318,-74.3286],[-61.1206,-74.3069],[-60.7837,-74.241],[-60.7043,-74.3071],[-60.8385,-74.3729],[-61.0108,-74.4783],[-61.3702,-74.5118],[-61.64,-74.5136],[-61.9945,-74.4758],[-62.0889,-74.4528],[-62.2353,-74.4413],[-62.2257,-74.5056],[-62.1327,-74.55],[-61.8944,-74.7131],[-61.8552,-74.7768],[-61.928,-74.8628],[-62.1378,-74.9264],[-62.3725,-74.9521],[-62.5668,-74.8958],[-62.7085,-74.7371],[-62.8871,-74.6908],[-63.0723,-74.6775],[-63.1781,-74.6842],[-63.1679,-74.7646],[-63.1252,-74.8495],[-63.198,-74.9091],[-63.357,-74.8783],[-63.5588,-74.9057],[-63.7509,-74.9523],[-63.9247,-75.0045],[-63.571,-75.0303],[-63.3369,-75.0348],[-63.1732,-75.1147],[-63.2311,-75.1538],[-63.5514,-75.1715],[-63.8575,-75.2062],[-64.2795,-75.2929],[-63.9725,-75.3294],[-63.6784,-75.3279],[-63.4749,-75.3363],[-63.3038,-75.3522],[-63.2575,-75.3985],[-63.3634,-75.4515],[-64.0526,-75.5796],[-64.7783,-75.7382],[-65.0444,-75.7875],[-65.3217,-75.8151],[-65.9657,-75.9517],[-66.3704,-76.0134],[-67.5182,-76.1098],[-69.3044,-76.3508],[-69.9153,-76.522],[-70.0955,-76.6545],[-70.2102,-76.6741],[-70.5508,-76.7181],[-70.895,-76.7394],[-71.7987,-76.7527],[-72.7223,-76.6891],[-73.4718,-76.6755],[-73.8798,-76.6968],[-75.2684,-76.5814],[-75.4435,-76.5867],[-75.6593,-76.6082],[-75.8313,-76.6082],[-75.9628,-76.5921],[-76.2442,-76.5854],[-77.19,-76.6298],[-77.2871,-76.7017],[-77.168,-76.8339],[-76.8236,-76.9935],[-76.2486,-77.2749],[-75.9373,-77.3345],[-75.7481,-77.3984],[-75.3869,-77.4742],[-74.5806,-77.478],[-73.4782,-77.5355],[-72.852,-77.5902],[-72.8751,-77.6938],[-73.2516,-77.8942],[-73.485,-77.9708],[-74.0421,-78.1094],[-74.8121,-78.1778],[-75.3984,-78.1578],[-76.4378,-78.0441],[-77.7421,-77.9403],[-79.679,-77.8426],[-80.1041,-77.7966],[-80.6016,-77.752],[-80.8885,-77.7977],[-81.1031,-77.8418],[-81.581,-77.8461],[-81.441,-77.8856],[-79.5097,-78.1543],[-77.8581,-78.351],[-77.6648,-78.4015],[-77.4326,-78.4347],[-77.4524,-78.5604],[-77.545,-78.6596],[-77.8691,-78.7455],[-78.7116,-78.7521],[-79.7666,-78.8207],[-80.2923,-78.8228],[-80.8163,-78.7543],[-81.9293,-78.5591],[-82.6084,-78.4124],[-83.0825,-78.2467],[-83.4121,-78.1146],[-83.779,-77.9836],[-83.7521,-78.0663],[-83.6877,-78.148],[-83.5083,-78.248],[-83.2459,-78.357],[-83.227,-78.4016],[-83.355,-78.4076],[-83.5444,-78.3553],[-83.7059,-78.4041],[-83.7627,-78.4611],[-83.6966,-78.5373],[-83.5952,-78.611],[-83.26,-78.7742],[-82.9708,-78.8167],[-82.5892,-78.9163],[-81.6609,-79.0998],[-81.5029,-79.1629],[-81.2222,-79.2979],[-81.1632,-79.4004],[-80.892,-79.5019],[-80.7048,-79.5172],[-80.5348,-79.5128],[-80.4788,-79.4262],[-80.4885,-79.321],[-80.4158,-79.2945],[-80.1512,-79.2681],[-79.4557,-79.3044],[-76.4991,-79.3257],[-76.2177,-79.3872],[-76.1051,-79.4651],[-76.0316,-79.6271],[-76.3439,-79.8209],[-76.5579,-79.9035],[-76.904,-79.9553],[-77.2223,-79.9941],[-77.7019,-80.0096],[-78.6922,-79.9954],[-79.6604,-79.9969],[-78.9071,-80.0896],[-78.1761,-80.1668],[-77.1604,-80.1529],[-76.7571,-80.1312],[-76.4073,-80.0949],[-76.2596,-80.1601],[-75.9856,-80.295],[-75.8224,-80.3382],[-75.709,-80.3827],[-75.555,-80.5309],[-75.4945,-80.6175],[-75.3446,-80.7189],[-75.2365,-80.8026],[-75.0756,-80.8601],[-74.8066,-80.8865],[-74.5111,-80.838],[-73.9378,-80.8159],[-73.3833,-80.8937],[-73.0295,-80.9173],[-72.5532,-80.8531],[-72.1736,-80.7639],[-71.38,-80.6822],[-71.2307,-80.6468],[-71.0177,-80.619],[-70.6879,-80.6263],[-70.5601,-80.6466],[-70.3924,-80.7354],[-70.2391,-80.8566],[-70.0125,-80.9178],[-69.7723,-80.9615],[-69.634,-80.9658],[-69.1816,-81.0049],[-68.5898,-80.968],[-68.3266,-81.0041],[-68.2846,-81.0738],[-68.1437,-81.1304],[-67.9654,-81.1482],[-65.5737,-81.4605],[-64.7501,-81.5217],[-63.4777,-81.5532],[-62.4902,-81.5567],[-62.3537,-81.5767],[-62.1654,-81.6361],[-62.5418,-81.6783],[-62.9459,-81.684],[-63.554,-81.6672],[-63.7687,-81.6761],[-64.2327,-81.6598],[-64.4757,-81.6717],[-64.6961,-81.6523],[-65.0216,-81.6965],[-65.6197,-81.7293],[-65.4866,-81.775],[-65.2638,-81.7856],[-64.8105,-81.8027],[-64.1902,-81.7948],[-64.1371,-81.8693],[-64.7062,-81.8875],[-65.9162,-81.9022],[-66.0423,-81.9139],[-66.1338,-81.9534],[-65.953,-81.971],[-65.8438,-81.9933],[-65.7866,-82.0455],[-65.9132,-82.1832],[-65.714,-82.2792],[-65.5719,-82.2943],[-65.4244,-82.2804],[-65.1701,-82.3183],[-64.9196,-82.3705],[-64.3966,-82.3744],[-63.7729,-82.3043],[-63.4663,-82.3068],[-62.6453,-82.2631],[-61.9017,-82.2711],[-60.8591,-82.1867],[-60.6871,-82.1886],[-60.5277,-82.1999],[-60.8172,-82.2758],[-62.0945,-82.4666],[-62.553,-82.5033],[-62.7356,-82.5273],[-62.6309,-82.6207],[-62.4656,-82.7182],[-62.1286,-82.8224],[-61.917,-82.9767],[-61.7089,-83.01],[-61.3128,-82.9392],[-61.2184,-82.9918],[-61.2004,-83.0979],[-61.3032,-83.1842],[-61.4363,-83.2324],[-61.5306,-83.2794],[-61.5898,-83.3412],[-61.4253,-83.3956],[-60.9832,-83.4275],[-60.397,-83.4407],[-59.8538,-83.4424],[-59.516,-83.4584],[-58.2899,-83.1207],[-57.7978,-82.9586],[-57.5571,-82.8902],[-57.3536,-82.8402],[-56.3179,-82.6334],[-56.075,-82.5702],[-55.8007,-82.4784],[-55.2947,-82.4648],[-54.6011,-82.3162],[-53.9861,-82.2006],[-53.7396,-82.1784],[-53.5576,-82.1694],[-53.3391,-82.1445],[-52.7989,-82.1536],[-52.4149,-82.1349],[-51.7307,-82.0615],[-51.2097,-82.0152],[-50.653,-81.9755],[-50.0292,-81.9677],[-48.3608,-81.8923],[-47.8868,-81.9252],[-47.3603,-82.004],[-47.0199,-82.0032],[-46.5667,-81.9792],[-46.2581,-81.947],[-46.1191,-82.0396],[-46.0464,-82.1587],[-46.1985,-82.2711],[-46.4483,-82.3398],[-46.5167,-82.4546],[-46.1753,-82.5116],[-45.7886,-82.4949],[-45.0438,-82.438],[-44.4549,-82.3659],[-44.2918,-82.3178],[-44.0642,-82.3314],[-43.6693,-82.2701],[-43.1804,-82.0172],[-42.5646,-81.7616],[-42.0463,-81.5979],[-41.7116,-81.4077],[-41.4338,-81.2978],[-41.1259,-81.2148],[-40.9146,-81.1724],[-40.4408,-81.1651],[-39.7623,-81.032],[-38.7717,-80.8823],[-38.0109,-80.9543],[-37.2093,-81.0639],[-36.8124,-80.9747],[-36.4995,-80.9596],[-36.234,-80.9205],[-35.9658,-80.8909],[-35.7759,-80.8127],[-35.5206,-80.7457],[-35.327,-80.6507],[-34.35,-80.6034],[-33.3287,-80.5404],[-33.1913,-80.5187],[-33.0572,-80.5316],[-32.7062,-80.5139],[-32.2557,-80.4607],[-31.6342,-80.4446],[-31.3121,-80.4501],[-31.0154,-80.3081],[-30.4253,-80.2797],[-29.7974,-80.2233],[-29.5315,-80.1818],[-29.3291,-80.1721],[-24.2403,-80.0619],[-24.0198,-80.009],[-23.5745,-79.9648],[-23.4068,-79.859],[-24.0883,-79.8148],[-24.2999,-79.7708],[-24.5339,-79.7579],[-24.6704,-79.7746],[-25.2586,-79.7625],[-29.9493,-79.599],[-30.0491,-79.5854],[-30.2112,-79.4853],[-30.1779,-79.3043],[-30.3159,-79.1631],[-30.6453,-79.1241],[-30.9852,-79.1279],[-31.4128,-79.1452],[-32.5418,-79.2222],[-32.9942,-79.2288],[-34.1974,-79.1103],[-34.9949,-78.9775],[-35.516,-78.933],[-35.8901,-78.8436],[-36.2392,-78.7742],[-36.2656,-78.6155],[-36.1809,-78.4684],[-35.5093,-78.0412],[-35.0876,-77.8371],[-34.8083,-77.8206],[-34.5515,-77.7285],[-34.2902,-77.5219],[-34.0758,-77.4254],[-33.5912,-77.3112],[-33.3768,-77.2816],[-32.6141,-77.1408],[-32.4053,-77.1362],[-32.0634,-77.1599],[-31.6758,-77.0331],[-30.4892,-76.7623],[-30.222,-76.6604],[-29.8916,-76.5979],[-28.9336,-76.3703],[-28.0794,-76.2578],[-27.6531,-76.2264],[-27.1345,-76.1573],[-26.5601,-76.0547],[-26.0593,-75.9572],[-24.2696,-75.767],[-23.1973,-75.7177],[-22.4655,-75.661],[-21.9481,-75.6941],[-21.4338,-75.6831],[-20.989,-75.6344],[-20.7833,-75.5939],[-20.4875,-75.492],[-19.493,-75.5399],[-18.8509,-75.4702],[-18.5852,-75.4626],[-18.3046,-75.4313],[-18.4151,-75.3965],[-18.5169,-75.3899],[-18.6173,-75.3424],[-18.7492,-75.2421],[-18.6173,-75.1153],[-18.5169,-75.052],[-18.2212,-74.9745],[-18.0683,-74.863],[-17.9228,-74.6992],[-17.4358,-74.3791],[-17.299,-74.3339],[-16.9893,-74.3198],[-16.7271,-74.3276],[-16.4295,-74.3239],[-15.6725,-74.4073],[-15.5312,-74.3756],[-15.2897,-74.2809],[-15.0892,-74.1633],[-14.6589,-73.9889],[-14.5738,-73.9375],[-14.6114,-73.8518],[-15.2596,-73.8889],[-15.7488,-73.9456],[-16.2201,-73.9157],[-16.2819,-73.867],[-16.1809,-73.8303],[-16.0031,-73.8159],[-15.9356,-73.7576],[-16.0975,-73.7091],[-16.3877,-73.6813],[-16.5188,-73.644],[-16.507,-73.556],[-16.4352,-73.4257],[-16.2791,-73.3885],[-16.149,-73.3345],[-15.8028,-73.1521],[-15.596,-73.0968],[-15.007,-73.0475],[-14.321,-73.123],[-14.1647,-73.1024],[-14.0001,-73.0006],[-14.1683,-72.8433],[-14.2982,-72.7846],[-14.2978,-72.733],[-13.939,-72.7562],[-13.6028,-72.7921],[-13.2086,-72.7851],[-12.7469,-72.6289],[-12.0947,-72.4981],[-11.7773,-72.444],[-11.497,-72.4129],[-11.3465,-72.2816],[-11.1214,-72.0315],[-10.9581,-71.902],[-10.961,-71.8224],[-11.0092,-71.7579],[-11.1793,-71.7769],[-11.3331,-71.7855],[-11.6969,-71.7193],[-12.1482,-71.6137],[-12.2845,-71.4951],[-12.3513,-71.3897],[-12.2078,-71.3322],[-12.0737,-71.2969],[-11.9261,-71.2887],[-11.663,-71.3312],[-11.3281,-71.4397],[-11.1602,-71.4812],[-10.9698,-71.5601],[-10.8254,-71.5533],[-10.6595,-71.4427],[-10.5201,-71.2955],[-10.4066,-71.2503],[-10.2306,-71.201],[-10.0335,-71.1307],[-10.1223,-71.0609],[-10.331,-71.024],[-10.36,-70.9824],[-10.2706,-70.9357],[-10.0987,-70.9264],[-9.888,-71.0273],[-9.5994,-71.0953],[-9.4023,-71.1176],[-9.2307,-71.174],[-8.9659,-71.3613],[-8.6465,-71.6728],[-8.4977,-71.6748],[-8.2165,-71.6471],[-7.9158,-71.6354],[-7.7137,-71.5465],[-7.669,-71.3243],[-7.5901,-71.2237],[-7.618,-71.1215],[-7.7569,-71.0172],[-7.8735,-70.9403],[-7.8549,-70.8846],[-7.7527,-70.8428],[-7.6198,-70.829],[-7.3881,-70.7869],[-7.0316,-70.8352],[-6.8382,-70.8445],[-6.5475,-70.8169],[-6.2452,-70.7558],[-5.9363,-70.7127],[-5.6947,-70.7453],[-5.5879,-70.8567],[-5.7087,-70.9683],[-5.9038,-71.0519],[-6.0803,-71.1541],[-6.1268,-71.2656],[-6.1175,-71.326],[-5.95,-71.3416],[-4.4501,-71.3277],[-4.2532,-71.3385],[-3.9948,-71.3389],[-3.7132,-71.3746],[-3.2396,-71.3604],[-2.812,-71.321],[-2.6103,-71.3208],[-2.2613,-71.3571],[-2.0146,-71.4334],[-1.5006,-71.4123],[-1.3542,-71.3868],[-1.2164,-71.2842],[-1.0678,-71.2656],[-0.8959,-71.3492],[-0.8401,-71.5397],[-0.7599,-71.6303],[-0.5432,-71.7127],[-0.327,-71.6419],[-0.1846,-71.5589],[0.1542,-71.3979],[0.5385,-71.2742],[0.835,-71.2023],[1.5522,-71.0803],[1.9087,-71.0036],[2.6095,-70.9001],[3.5069,-70.8444],[5.1131,-70.6557],[5.6439,-70.6363],[6.508,-70.5864],[6.951,-70.5353],[7.4012,-70.4944],[7.6768,-70.3563],[8.3067,-70.4616],[8.523,-70.4738],[8.8175,-70.3908],[9.1416,-70.1837],[9.6135,-70.269],[9.8855,-70.4029],[10.2177,-70.5079],[10.9688,-70.6877],[11.2035,-70.7287],[11.7013,-70.7666],[11.8336,-70.7365],[12.068,-70.6165],[12.3088,-70.4433],[12.4616,-70.3701],[12.6819,-70.3087],[12.9294,-70.2134],[12.8646,-70.1623],[12.7234,-70.1437],[12.5951,-70.1174],[12.6263,-70.0656],[13.0656,-70.0536],[13.2979,-70.2296],[13.5326,-70.2875],[13.8227,-70.3432],[14.4918,-70.2996],[15.0639,-70.2947],[15.5629,-70.3308],[15.8069,-70.324],[16.0252,-70.1935],[16.3811,-70.1451],[16.5849,-70.2038],[16.7092,-70.3973],[17.1667,-70.4509],[18.1246,-70.5403],[18.232,-70.5183],[18.3514,-70.4155],[18.4326,-70.2899],[18.6273,-70.2694],[18.8772,-70.2014],[19.0094,-70.2121],[19.1964,-70.2932],[19.1323,-70.4919],[19.0266,-70.674],[19.1529,-70.8209],[19.2651,-70.9023],[19.4093,-70.917],[19.6519,-70.9206],[19.9442,-70.9102],[20.1281,-70.9176],[21.0708,-70.8435],[21.186,-70.6806],[21.3373,-70.4951],[21.705,-70.2585],[21.8489,-70.2768],[21.9623,-70.3004],[22.2158,-70.4173],[22.366,-70.4751],[22.3965,-70.5613],[22.2337,-70.6427],[22.2778,-70.6956],[22.4454,-70.7397],[22.979,-70.8104],[23.1499,-70.7963],[23.4068,-70.7232],[23.6648,-70.575],[23.8036,-70.4046],[24.0241,-70.4134],[24.2357,-70.4486],[24.3857,-70.5369],[24.3857,-70.7044],[24.5884,-70.8204],[24.7567,-70.8921],[25.1874,-70.971],[25.6502,-70.9906],[25.9741,-71.0374],[26.4988,-71.0195],[26.7544,-70.9673],[26.918,-70.9537],[27.2068,-70.9109],[27.5086,-70.8133],[27.6978,-70.7725],[28.3864,-70.682],[28.9115,-70.5831],[29.4639,-70.4062],[30.0033,-70.3],[30.8341,-70.2463],[31.0629,-70.2247],[31.3788,-70.2258],[32.1596,-70.0998],[32.4565,-70.026],[32.6213,-70.0006],[32.8098,-69.9094],[32.9115,-69.7337],[32.9894,-69.6242],[32.976,-69.517],[32.9031,-69.3787],[32.738,-69.2549],[32.5676,-69.0742],[32.6416,-68.8689],[32.7762,-68.7831],[33.1215,-68.6892],[33.4656,-68.6707],[33.8535,-68.683],[34.1929,-68.7024],[34.2193,-68.7906],[34.0742,-68.8854],[33.8849,-68.9793],[33.7721,-69.02],[33.8137,-69.0993],[34.0586,-69.1105],[34.5959,-69.0945],[34.7495,-69.1677],[35.1313,-69.4869],[35.2248,-69.6373],[35.357,-69.6813],[35.5677,-69.6601],[36.0178,-69.6618],[36.3312,-69.6394],[36.5859,-69.6379],[36.7188,-69.6522],[36.8558,-69.7256],[37.1148,-69.8104],[37.3745,-69.7479],[37.5598,-69.7184],[37.7871,-69.7257],[38.1443,-69.8242],[38.4994,-70.0562],[38.8855,-70.1719],[38.9117,-70.0979],[38.8593,-70.0061],[39.0187,-69.9242],[39.2113,-69.7859],[39.487,-69.608],[39.7051,-69.4256],[39.7623,-69.1733],[39.8639,-68.967],[40.0417,-68.8678],[40.2156,-68.8049],[40.4839,-68.7389],[40.8171,-68.7236],[41.1327,-68.5751],[41.3563,-68.5149],[41.8246,-68.4326],[42.4088,-68.3519],[42.8195,-68.1232],[42.9609,-68.0953],[43.1709,-68.0598],[43.5541,-68.0456],[44.1775,-67.9725],[44.3729,-67.9613],[44.6998,-67.9043],[44.9896,-67.7692],[45.197,-67.7312],[45.5693,-67.7364],[45.8877,-67.6598],[46.1539,-67.657],[46.399,-67.6176],[46.4365,-67.5334],[46.3197,-67.4766],[46.3173,-67.402],[46.4541,-67.3036],[46.5597,-67.2682],[46.8839,-67.2748],[47.1544,-67.3572],[47.3516,-67.3619],[47.4029,-67.4092],[47.2313,-67.4683],[47.1172,-67.5727],[47.3142,-67.6649],[47.4898,-67.7279],[47.7035,-67.7162],[47.9586,-67.6601],[48.21,-67.6993],[48.3217,-67.7853],[48.3217,-67.9175],[48.3745,-67.9881],[48.551,-67.9264],[48.648,-67.794],[48.62,-67.6252],[48.6304,-67.5206],[49.0529,-67.3524],[49.2193,-67.2269],[48.923,-67.1997],[48.7137,-67.2169],[48.5984,-67.1713],[48.4652,-67.0435],[48.8303,-66.9383],[49.2471,-66.9416],[49.4887,-67.031],[50.0062,-67.1752],[50.293,-67.1722],[50.553,-67.1943],[50.606,-67.1502],[50.5089,-66.9386],[50.5209,-66.82],[50.3061,-66.7533],[50.2443,-66.6034],[50.3324,-66.4446],[50.5883,-66.3564],[50.9369,-66.3154],[51.6875,-66.0722],[51.8846,-66.02],[52.3782,-65.9691],[52.9553,-65.9455],[53.6718,-65.8587],[54.9479,-65.9163],[55.2904,-65.9542],[55.5045,-66.0026],[55.7104,-66.08],[55.974,-66.2094],[56.3615,-66.3728],[56.8594,-66.4234],[57.0003,-66.4748],[57.1854,-66.6133],[56.9865,-66.7044],[56.8236,-66.7127],[56.5101,-66.6593],[56.2945,-66.6034],[56.1459,-66.6261],[56.2919,-66.7211],[56.4532,-66.7798],[56.4797,-66.8592],[56.3914,-66.9738],[55.8027,-67.1993],[56.1549,-67.2646],[56.3659,-67.2125],[56.5621,-67.1159],[56.7601,-67.0733],[56.8916,-67.0563],[57.3611,-67.0526],[57.6274,-67.0141],[57.8281,-67.0413],[58.0268,-67.1034],[58.3175,-67.1631],[58.7374,-67.2296],[59.2508,-67.485],[59.6502,-67.4586],[59.8676,-67.4031],[60.482,-67.3852],[61.0121,-67.4995],[61.3091,-67.5402],[62.1739,-67.5755],[62.6879,-67.6476],[63.0177,-67.5618],[63.2376,-67.5269],[63.699,-67.5083],[63.9312,-67.5261],[64.5736,-67.6204],[65.7075,-67.7164],[66.4884,-67.7655],[67.1748,-67.768],[67.5024,-67.8102],[68.0985,-67.8541],[68.3279,-67.8896],[68.8995,-67.8621],[69.1672,-67.8248],[69.4164,-67.743],[69.5592,-67.7632],[69.656,-67.8646],[69.603,-68.041],[69.7045,-68.1608],[69.7887,-68.2795],[69.9074,-68.3795],[69.9822,-68.4643],[69.9279,-68.5354],[69.7619,-68.5985],[69.5342,-68.7369],[69.5469,-68.8566],[69.6456,-68.9322],[69.5308,-69.024],[69.6146,-69.1537],[69.6295,-69.2316],[69.5494,-69.2938],[69.3719,-69.3314],[69.0649,-69.3374],[68.9062,-69.3728],[68.8798,-69.4697],[68.9592,-69.5402],[69.1355,-69.5779],[69.1885,-69.6549],[69.162,-69.7696],[69.0826,-69.8666],[68.9205,-69.9118],[68.7438,-69.9214],[68.4152,-69.9021],[68.1781,-69.8373],[68.0271,-69.8944],[67.917,-69.9527],[67.5754,-70.0879],[67.4166,-70.1771],[67.268,-70.2731],[67.659,-70.326],[67.9408,-70.4229],[68.5594,-70.4125],[68.7574,-70.3699],[69.0209,-70.3252],[69.162,-70.334],[69.2502,-70.4311],[69.1967,-70.5853],[69.1884,-70.7046],[68.8728,-71.0352],[68.768,-71.0907],[68.6237,-71.1814],[68.4476,-71.2516],[68.3105,-71.2865],[68.0374,-71.391],[67.8733,-71.5798],[67.6936,-71.7367],[67.4322,-72.0029],[67.2811,-72.2906],[67.2148,-72.4614],[67.1134,-72.6411],[66.8921,-72.9486],[66.7465,-72.9998],[66.4977,-73.1255],[66.5691,-73.2092],[66.7647,-73.2169],[67.0031,-73.2364],[67.3221,-73.3003],[67.7486,-73.1682],[67.9714,-73.0856],[68.0155,-72.9182],[67.9714,-72.7506],[68.1068,-72.6507],[68.4198,-72.515],[69.157,-72.4187],[69.3095,-72.4088],[69.5547,-72.3745],[69.7697,-72.2536],[69.9621,-72.1329],[70.2943,-72.0554],[70.5729,-71.931],[70.6162,-71.8421],[70.7316,-71.8223],[71.0788,-71.7367],[71.1679,-71.6716],[71.2768,-71.6239],[71.3492,-71.5139],[71.3788,-71.3092],[71.4648,-71.1546],[71.6339,-70.9492],[71.7714,-70.8013],[71.9049,-70.7066],[72.2626,-70.6567],[72.418,-70.5986],[72.6224,-70.4721],[72.7604,-70.3957],[72.7443,-70.2392],[72.8221,-70.0959],[73.0414,-70.0097],[73.3248,-69.8489],[73.6761,-69.8258],[73.9422,-69.7432],[74.2268,-69.8004],[74.5711,-69.8796],[75.1479,-69.8555],[75.4238,-69.8931],[75.6355,-69.8489],[75.8207,-69.7255],[75.8912,-69.5756],[76.1117,-69.4874],[76.3598,-69.4902],[76.7701,-69.3396],[77.192,-69.206],[77.5409,-69.1744],[77.8175,-69.0689],[78.0151,-68.8919],[78.2285,-68.7562],[78.489,-68.6258],[78.5635,-68.3937],[78.7263,-68.2778],[79.0352,-68.1754],[79.2878,-68.1193],[80.3631,-67.9469],[81.1874,-67.8312],[82.017,-67.69],[82.2732,-67.6917],[82.607,-67.6131],[83.1578,-67.6105],[83.3043,-67.603],[83.4937,-67.4412],[83.9037,-67.292],[84.1607,-67.2441],[84.4852,-67.1145],[84.7483,-67.1022],[85.1168,-67.1256],[85.429,-67.1609],[85.7107,-67.1613],[86.1184,-67.055],[86.7502,-67.0371],[86.9466,-66.9855],[87.0849,-66.9401],[87.9803,-66.7885],[88.3142,-66.8175],[88.7895,-66.792],[89.0766,-66.7994],[89.3518,-66.8182],[89.6984,-66.823],[90.293,-66.7696],[90.5473,-66.7343],[91.0217,-66.6028],[91.5461,-66.5721],[91.7771,-66.5375],[92.0734,-66.5079],[92.3123,-66.5586],[92.4858,-66.6043],[92.592,-66.6145],[92.7306,-66.6244],[93.0749,-66.5711],[93.358,-66.5854],[93.7217,-66.643],[93.9643,-66.6896],[94.0888,-66.6889],[94.3135,-66.6472],[94.5868,-66.5436],[94.8398,-66.5014],[95.084,-66.5274],[95.2479,-66.5712],[95.541,-66.631],[95.9914,-66.6212],[96.4237,-66.5996],[96.7889,-66.5506],[97.1006,-66.4994],[97.3885,-66.5786],[97.7198,-66.6073],[98.2576,-66.4675],[98.4617,-66.4985],[98.6031,-66.5348],[98.7201,-66.5531],[98.8589,-66.6708],[99.3701,-66.6482],[99.8243,-66.5486],[100.2117,-66.4739],[100.5912,-66.4252],[100.8891,-66.358],[101.3271,-66.1005],[101.3209,-66.0209],[101.3813,-65.973],[101.4744,-65.9512],[102.1741,-65.9542],[102.3922,-65.9326],[102.6742,-65.8651],[103.1666,-65.9169],[103.6388,-65.9989],[103.7635,-65.9897],[103.9512,-65.9881],[104.2891,-66.0392],[104.667,-66.1368],[105.0004,-66.1641],[106.3869,-66.4106],[107.1709,-66.4704],[107.5655,-66.5523],[107.6673,-66.5804],[107.7851,-66.6641],[107.9917,-66.6721],[108.1579,-66.6391],[108.3762,-66.7658],[108.9101,-66.8619],[109.4628,-66.9087],[109.8237,-66.8337],[110.437,-66.6211],[110.6223,-66.524],[110.587,-66.3123],[110.9067,-66.0767],[111.4531,-65.9609],[112.1303,-65.9001],[112.5479,-65.8479],[113.0994,-65.7999],[113.368,-65.8487],[113.5021,-65.8863],[113.7098,-65.9296],[113.9545,-66.0604],[114.3369,-66.3602],[114.6186,-66.468],[114.8695,-66.477],[115.0824,-66.493],[115.3104,-66.5608],[115.6354,-66.7712],[115.4419,-66.958],[115.2737,-67.0279],[114.5706,-67.1085],[114.2598,-67.1723],[113.9912,-67.2119],[113.9125,-67.3677],[114.0266,-67.4412],[114.319,-67.4057],[114.6579,-67.3879],[114.9258,-67.3565],[115.1719,-67.3078],[115.3842,-67.2381],[115.8853,-67.202],[116.2146,-67.1428],[116.5091,-67.1079],[116.7135,-67.0472],[116.9236,-67.0555],[117.1319,-67.1144],[117.2979,-67.1093],[117.7447,-67.1285],[117.952,-67.0854],[118.1387,-67.0824],[118.3258,-67.115],[118.5189,-67.1609],[118.7139,-67.1717],[118.9646,-67.1448],[119.3183,-67.0708],[119.768,-66.9915],[120.1873,-66.9662],[120.2893,-66.9666],[120.3748,-66.9838],[119.9537,-67.0759],[119.2807,-67.1992],[118.9217,-67.3197],[119.133,-67.3707],[120.4004,-67.236],[120.9787,-67.1357],[121.4876,-67.0907],[121.6132,-67.057],[122.0331,-66.9018],[122.1828,-66.8595],[122.633,-66.8049],[123.2217,-66.7451],[123.6666,-66.6769],[123.9693,-66.6081],[124.1962,-66.6008],[124.3705,-66.6522],[124.5979,-66.7082],[124.8216,-66.6945],[125.0951,-66.6411],[125.2863,-66.5158],[125.3979,-66.4244],[125.603,-66.3934],[125.8656,-66.3645],[126.0771,-66.3955],[126.4237,-66.4624],[126.6647,-66.4976],[126.8736,-66.7594],[127.3654,-66.9896],[127.5412,-67.0511],[127.9681,-67.0279],[128.4306,-67.1191],[128.6278,-67.1071],[128.8164,-67.0804],[128.9824,-67.0982],[129.2369,-67.0416],[129.5,-66.7529],[129.7412,-66.4686],[129.9758,-66.3448],[130.1205,-66.2915],[130.3006,-66.2685],[130.5785,-66.2086],[130.9518,-66.1914],[131.232,-66.2155],[131.8309,-66.2358],[132.3203,-66.1654],[132.8743,-66.178],[133.1482,-66.0948],[133.4445,-66.0814],[133.8428,-66.1536],[133.9575,-66.2043],[134.1789,-66.2771],[134.2318,-66.3477],[134.2895,-66.4768],[134.3981,-66.4799],[134.7697,-66.3533],[134.9715,-66.3302],[135.352,-66.1271],[135.5548,-66.1801],[136.0094,-66.2668],[136.1939,-66.2922],[136.5533,-66.439],[136.7396,-66.4077],[136.8892,-66.3396],[137.3362,-66.3465],[137.7538,-66.4064],[137.9258,-66.4569],[138.1399,-66.5439],[138.271,-66.5645],[138.3765,-66.5404],[139.2416,-66.574],[139.6132,-66.6376],[139.9001,-66.7151],[140.9016,-66.752],[141.2859,-66.8318],[141.5172,-66.794],[141.9729,-66.8067],[142.159,-66.8736],[142.3267,-66.9483],[142.6875,-67.0128],[142.8884,-67.0001],[143.1689,-66.9486],[143.4482,-66.8768],[143.7304,-66.8768],[143.8627,-66.9386],[143.9111,-67.0907],[144.1177,-67.0877],[144.3479,-67.018],[144.5506,-67.0355],[144.6212,-67.1414],[144.5153,-67.2825],[144.2597,-67.4787],[144.1537,-67.6441],[143.942,-67.794],[143.9773,-67.8646],[144.1891,-67.8998],[144.4043,-67.7942],[144.8791,-67.7209],[145.1279,-67.626],[145.5564,-67.5909],[145.9752,-67.6242],[146.2764,-67.7509],[146.8278,-67.9646],[146.8524,-68.041],[146.8966,-68.1203],[146.8782,-68.1912],[146.7977,-68.2736],[147.0937,-68.3687],[147.3538,-68.3843],[147.5686,-68.3751],[148.4563,-68.467],[148.8806,-68.4312],[149.2627,-68.4313],[149.7169,-68.4178],[150.0655,-68.4199],[150.3422,-68.4357],[150.672,-68.4029],[150.9359,-68.3585],[151.0683,-68.385],[151.1211,-68.623],[151.1389,-68.7642],[151.2888,-68.8171],[151.4476,-68.7642],[151.5621,-68.6937],[152.2652,-68.7256],[152.5455,-68.7296],[152.8142,-68.7677],[153.0818,-68.8568],[153.3399,-68.818],[153.4957,-68.7644],[153.7053,-68.7289],[153.767,-68.6406],[153.7924,-68.4934],[153.7847,-68.3496],[153.908,-68.3231],[154.0315,-68.3496],[154.1997,-68.4179],[154.5764,-68.6343],[154.866,-68.7743],[154.9875,-68.8413],[155.164,-68.8946],[155.5203,-69.0244],[156.0109,-69.0778],[156.4887,-69.183],[157.0464,-69.1763],[157.4813,-69.3087],[157.7758,-69.2047],[157.9325,-69.1808],[158.1578,-69.2089],[158.4326,-69.2994],[158.6472,-69.3201],[159.3863,-69.4684],[159.784,-69.5219],[159.931,-69.6306],[160.1258,-69.7343],[160.1258,-69.8401],[160.2097,-69.9749],[160.6519,-70.0806],[160.8268,-70.182],[161.037,-70.3172],[161.4245,-70.8268],[161.6251,-70.9161],[161.9161,-70.9073],[162.1895,-71.0396],[162.2777,-71.0219],[162.2865,-70.969],[162.0396,-70.625],[162.022,-70.4398],[162.216,-70.334],[162.6748,-70.3046],[163.0265,-70.5014],[163.3487,-70.6209],[163.5665,-70.6423],[163.9984,-70.6365],[164.4032,-70.5104],[164.716,-70.5565],[165.2094,-70.5708],[165.8539,-70.6453],[166.132,-70.6328],[166.627,-70.6643],[167.2288,-70.7713],[167.5694,-70.8103],[167.64,-70.8544],[167.7988,-70.9249],[167.8781,-71.0131],[167.9663,-71.0925],[168.1727,-71.1832],[168.3828,-71.1974],[168.7979,-71.2748],[169.6638,-71.5113],[169.977,-71.5807],[170.1623,-71.6305],[170.2505,-71.5687],[170.2769,-71.4439],[170.4357,-71.4188],[170.6033,-71.604],[170.7797,-71.7451],[170.8591,-71.8686],[170.6754,-71.9686],[170.4093,-71.9479],[170.224,-71.9479],[170.0301,-72.1155],[169.9535,-72.4028],[170.1271,-72.3978],[170.2594,-72.3713],[170.2858,-72.4771],[170.2064,-72.5653],[170.0478,-72.6006],[169.7749,-72.5338],[169.4403,-72.4868],[169.0724,-72.4688],[168.7188,-72.3845],[168.5762,-72.3791],[168.4284,-72.3834],[168.6217,-72.4727],[168.82,-72.5524],[169.2695,-72.6213],[169.8286,-72.7288],[169.8448,-72.7946],[169.7121,-72.877],[169.545,-73.0504],[169.0334,-73.2004],[168.7359,-73.0912],[168.3813,-73.0659],[168.2045,-73.1298],[167.853,-73.1225],[167.1557,-73.1473],[166.8828,-73.0112],[166.4528,-72.936],[166.467,-72.9975],[166.834,-73.2243],[167.2256,-73.2758],[167.6158,-73.3368],[167.7091,-73.3942],[167.5342,-73.4473],[167.2965,-73.44],[166.9961,-73.5443],[166.4288,-73.527],[166.1594,-73.5338],[166.0011,-73.5767],[165.8602,-73.5927],[165.9706,-73.6308],[166.1061,-73.7352],[165.9133,-73.8229],[165.7337,-73.8667],[165.5489,-73.8461],[165.347,-73.8794],[165.2499,-73.7824],[165.2445,-73.5712],[165.1295,-73.3826],[165.0049,-73.3745],[164.813,-73.3968],[164.7496,-73.5588],[164.8877,-73.8377],[164.9799,-73.9259],[164.906,-74.0029],[164.7757,-74.0285],[165.0372,-74.2635],[165.2631,-74.4262],[165.3998,-74.4792],[165.4086,-74.5586],[165.3028,-74.5938],[165.0012,-74.5627],[164.853,-74.5783],[164.689,-74.5684],[164.4107,-74.5334],[164.174,-74.5232],[163.9358,-74.5674],[163.7353,-74.5638],[163.5565,-74.4174],[163.3979,-74.3821],[163.2655,-74.4263],[163.1674,-74.602],[162.9612,-74.6561],[162.7521,-74.7361],[162.6041,-74.8231],[162.5336,-75.1671],[162.4101,-75.2376],[162.2256,-75.2346],[162.0878,-75.2616],[161.9104,-75.2339],[161.6796,-75.2178],[160.9107,-75.3347],[161.0329,-75.3959],[161.2273,-75.3861],[161.9035,-75.4042],[162.1896,-75.4669],[162.2391,-75.6217],[162.352,-75.6865],[162.5776,-75.758],[162.754,-75.7933],[162.8157,-75.8462],[162.7451,-75.952],[162.6482,-76.049],[162.4365,-76.1549],[162.4982,-76.2077],[162.7275,-76.2254],[162.8246,-76.4636],[162.6746,-76.5693],[162.7452,-76.6575],[162.7628,-76.7457],[162.6096,-76.8287],[162.4895,-76.8692],[162.4503,-76.9557],[162.6791,-77.0067],[162.8502,-77.0235],[163.0869,-77.0323],[163.2499,-77.1265],[163.4585,-77.2693],[163.6076,-77.3878],[163.6191,-77.5823],[163.7662,-77.6999],[164.0452,-77.7746],[164.0364,-77.853],[164.232,-77.8771],[164.4209,-77.8835],[164.4915,-77.954],[164.4297,-78.0422],[164.1078,-78.1468],[163.9776,-78.2238],[164.2974,-78.2362],[164.6281,-78.3156],[165.0506,-78.2261],[165.274,-78.1286],[165.4176,-78.0422],[165.524,-78.0636],[165.5342,-78.1538],[165.663,-78.3057],[166.2086,-78.4517],[166.5104,-78.4974],[166.8012,-78.5216],[167.058,-78.5185],[167.1303,-78.6062],[167.049,-78.686],[166.85,-78.6799],[166.5246,-78.6949],[166.2865,-78.6278],[166.1168,-78.5711],[164.6348,-78.6032],[164.3006,-78.6301],[163.9018,-78.7171],[163.5031,-78.7586],[162.8951,-78.8448],[162.6395,-78.8978],[161.9745,-78.6942],[161.7574,-78.5449],[161.6692,-78.5361],[161.5104,-78.5714],[161.5018,-78.6772],[161.8134,-78.9074],[161.9515,-78.9683],[161.9515,-79.03],[161.8643,-79.0609],[161.7373,-79.06],[161.5461,-79.015],[161.1905,-78.9787],[160.8735,-79.0497],[160.4827,-79.2015],[160.5674,-79.3023],[160.6702,-79.3589],[160.6461,-79.4269],[160.2092,-79.5544],[160.068,-79.5612],[159.9759,-79.5856],[160.0836,-79.6325],[160.3228,-79.6355],[160.3463,-79.6915],[160.2648,-79.7366],[159.8719,-79.7898],[159.8965,-79.859],[160.1114,-79.8925],[160.3873,-79.8795],[160.558,-79.9296],[160.5588,-80.0105],[160.3817,-80.0545],[160.1794,-80.0881],[158.7675,-80.2934],[158.5604,-80.3489],[158.5736,-80.4234],[159.0651,-80.4426],[160.5422,-80.425],[160.6373,-80.4499],[160.6033,-80.5076],[160.5213,-80.5834],[160.6014,-80.6365],[160.8232,-80.674],[160.8303,-80.7299],[160.72,-80.7531],[160.5025,-80.7793],[160.2602,-80.7867],[160.2758,-80.8468],[160.6072,-80.9012],[160.7168,-80.9074],[160.7279,-81.1129],[160.7167,-81.1996],[160.54,-81.2417],[160.4786,-81.2701],[160.4698,-81.3406],[160.9078,-81.3902],[161.5821,-81.6098],[161.7302,-81.6104],[161.9961,-81.653],[162.4253,-81.7649],[162.5767,-81.832],[162.8212,-81.8662],[162.8544,-81.9207],[163.0043,-81.9689],[163.6023,-82.1206],[163.6801,-82.1873],[162.4266,-82.3145],[161.1665,-82.4078],[161.2832,-82.4899],[162.6438,-82.4815],[163.0118,-82.535],[163.1747,-82.5189],[163.2686,-82.4633],[164.0014,-82.3968],[164.7472,-82.3544],[164.9801,-82.385],[165.9816,-82.6297],[166.4459,-82.7222],[166.7422,-82.757],[166.9567,-82.7646],[167.1163,-82.8013],[167.2713,-82.8794],[167.2326,-82.9523],[167.2975,-82.9858],[167.4045,-82.9988],[167.602,-83.0475],[167.8275,-83.0308],[168.0918,-82.9747],[168.276,-82.9872],[168.6073,-83.0653],[168.4816,-83.1268],[168.4084,-83.1551],[168.32,-83.2107],[168.2402,-83.2299],[167.973,-83.2432],[167.8254,-83.243],[167.6744,-83.2314],[167.6576,-83.2722],[167.8428,-83.3162],[168.1101,-83.362],[169.8379,-83.399],[170.332,-83.4788],[170.8175,-83.4357],[171.0357,-83.4484],[171.2207,-83.475],[171.2893,-83.5555],[171.5371,-83.5813],[171.9172,-83.644],[172.4501,-83.6754],[172.8739,-83.6731],[173.3973,-83.7588],[173.6618,-83.7609],[173.8224,-83.8102],[175.011,-83.8391],[175.1874,-83.8774],[175.3229,-83.94],[175.6058,-83.9676],[175.9112,-83.9731],[177.5811,-84.0749],[178.2086,-84.1299],[178.3526,-84.1267],[178.496,-84.1357],[178.9444,-84.1814],[179.403,-84.2062],[179.6203,-84.2684],[180.0,-84.3516]]}}
]
}
